"ID","Country","Competition","Game Start Time","Competitor 1","Competitor 2",
"883731","Brazil","Superliga (women)","17.10.2017 - 21:30","Esporte Clube Pinheiros (women)","Volei Bauru (women)",
"Statistics","Esporte Clube Pinheiros (women)","Type","Volei Bauru (women)",
,"3","Score","1",
,"98","Points","86",
,"3","Sets","1",
,"7","Aces","1",
,"7","Service errors","6",
,"53","Kills","55",
,"10","Blocks","11",
,"1","Errors","11",
,"11","Outs","11",
,"0","Penalty Points","0",
,"0","Points (unknown method)","0",
,"0","Penalties","0",
,"0","Expulsions","0",
,"0","Disqualifications","0",
"Events","Time","Minute","EventCode","Event",
,"21:04:33","00:00","Game conditions changed","Game conditions changed",
,"21:04:34","00:00","Players warming up","Players warming up",
,"21:10:10","00:00","Coin flipping","Coin flipping",
,"21:11:19","00:00","Players lined up","Players lined up",
,"21:11:35","00:00","National anthem singing","National anthem singing",
,"21:13:11","00:00","Shake hands","Shake hands",
,"21:14:34","00:00","Jersey colours updated","Jersey colours updated",
,"21:14:34","00:00","Jersey colours updated","Jersey colours updated",
,"21:14:39","00:00","Warm up at the net","Warm up at the net",
,"21:24:25","00:00","Game conditions changed","Game conditions changed",
,"21:27:32","00:00","Players intro","Players intro",
,"21:28:35","00:00","Game about to start","Game about to start",
,"21:29:05","00:00","Start SRV","Start SRV   Volei Bauru (women)",
,"21:29:19","00:00","Start 1st Set","Start 1st Set",
,"21:29:20","00:00","SRV","SRV   Volei Bauru (women)",
,"21:29:22","00:02","RS","RS   Volei Bauru (women)",
,"21:29:22","00:03","B POSS","B POSS   Esporte Clube Pinheiros (women)",
,"21:29:26","00:06","K","K   Esporte Clube Pinheiros (women)",
,"21:29:26","00:06","P","[1 : 0]   P   Esporte Clube Pinheiros (women)",
,"21:29:39","00:19","Pt Conf","Pt Conf   Esporte Clube Pinheiros (women)",
,"21:29:43","00:24","SRV","SRV   Esporte Clube Pinheiros (women)",
,"21:29:45","00:26","RS","RS   Esporte Clube Pinheiros (women)",
,"21:29:46","00:26","B POSS","B POSS   Volei Bauru (women)",
,"21:29:49","00:29","B POSS","B POSS   Esporte Clube Pinheiros (women)",
,"21:29:53","00:33","B POSS","B POSS   Volei Bauru (women)",
,"21:29:53","00:34","B POSS","B POSS   Esporte Clube Pinheiros (women)",
,"21:29:57","00:37","K","K   Esporte Clube Pinheiros (women)",
,"21:29:57","00:37","P","[2 : 0]   P   Esporte Clube Pinheiros (women)",
,"21:30:08","00:48","Pt Conf","Pt Conf   Esporte Clube Pinheiros (women)",
,"21:30:18","00:58","SRV","SRV   Esporte Clube Pinheiros (women)",
,"21:30:21","01:01","RS","RS   Esporte Clube Pinheiros (women)",
,"21:30:21","01:01","B POSS","B POSS   Volei Bauru (women)",
,"21:30:24","01:05","B POSS","B POSS   Esporte Clube Pinheiros (women)",
,"21:30:28","01:08","K","K   Esporte Clube Pinheiros (women)",
,"21:30:28","01:08","P","[3 : 0]   P   Esporte Clube Pinheiros (women)",
,"21:30:41","01:21","Pt Conf","Pt Conf   Esporte Clube Pinheiros (women)",
,"21:30:48","01:28","SRV","SRV   Esporte Clube Pinheiros (women)",
,"21:30:52","01:33","RS","RS   Esporte Clube Pinheiros (women)",
,"21:30:53","01:33","B POSS","B POSS   Volei Bauru (women)",
,"21:30:55","01:35","B POSS","B POSS   Esporte Clube Pinheiros (women)",
,"21:30:59","01:39","B POSS","B POSS   Volei Bauru (women)",
,"21:31:02","01:42","K","K   Esporte Clube Pinheiros (women)",
,"21:31:02","01:42","P","[4 : 0]   P   Esporte Clube Pinheiros (women)",
,"21:31:21","02:01","Pt Conf","Pt Conf   Esporte Clube Pinheiros (women)",
,"21:31:25","02:05","SRV","SRV   Esporte Clube Pinheiros (women)",
,"21:31:28","02:08","RS","RS   Esporte Clube Pinheiros (women)",
,"21:31:28","02:08","B POSS","B POSS   Volei Bauru (women)",
,"21:31:30","02:11","K","K   Volei Bauru (women)",
,"21:31:30","02:11","P","[4 : 1]   P   Volei Bauru (women)",
,"21:31:44","02:24","Pt Conf","Pt Conf   Volei Bauru (women)",
,"21:31:47","02:28","SRV","SRV   Volei Bauru (women)",
,"21:31:50","02:30","RS","RS   Volei Bauru (women)",
,"21:31:50","02:30","B POSS","B POSS   Esporte Clube Pinheiros (women)",
,"21:31:53","02:34","B POSS","B POSS   Volei Bauru (women)",
,"21:31:57","02:38","B POSS","B POSS   Esporte Clube Pinheiros (women)",
,"21:32:03","02:44","B POSS","B POSS   Volei Bauru (women)",
,"21:32:04","02:44","B POSS","B POSS   Esporte Clube Pinheiros (women)",
,"21:32:07","02:47","K","K   Esporte Clube Pinheiros (women)",
,"21:32:07","02:47","P","[5 : 1]   P   Esporte Clube Pinheiros (women)",
,"21:32:19","02:59","Pt Conf","Pt Conf   Esporte Clube Pinheiros (women)",
,"21:32:22","03:03","SRV","SRV   Esporte Clube Pinheiros (women)",
,"21:32:25","03:05","RS","RS   Esporte Clube Pinheiros (women)",
,"21:32:25","03:05","B POSS","B POSS   Volei Bauru (women)",
,"21:32:28","03:08","K","K   Volei Bauru (women)",
,"21:32:28","03:08","P","[5 : 2]   P   Volei Bauru (women)",
,"21:32:37","03:17","Pt Conf","Pt Conf   Volei Bauru (women)",
,"21:32:40","03:21","Game conditions changed","Game conditions changed",
,"21:32:46","03:26","SRV","SRV   Volei Bauru (women)",
,"21:32:49","03:29","RS","RS   Volei Bauru (women)",
,"21:32:49","03:30","B POSS","B POSS   Esporte Clube Pinheiros (women)",
,"21:32:52","03:32","B POSS","B POSS   Volei Bauru (women)",
,"21:32:54","03:34","K","K   Volei Bauru (women)",
,"21:32:54","03:34","P","[5 : 3]   P   Volei Bauru (women)",
,"21:33:08","03:48","Pt Conf","Pt Conf   Volei Bauru (women)",
,"21:33:13","03:54","SRV","SRV   Volei Bauru (women)",
,"21:33:16","03:56","RS","RS   Volei Bauru (women)",
,"21:33:16","03:56","B POSS","B POSS   Esporte Clube Pinheiros (women)",
,"21:33:20","04:00","B POSS","B POSS   Volei Bauru (women)",
,"21:33:25","04:05","B POSS","B POSS   Esporte Clube Pinheiros (women)",
,"21:33:28","04:08","B POSS","B POSS   Volei Bauru (women)",
,"21:33:31","04:12","ERR","ERR   Volei Bauru (women)",
,"21:33:31","04:12","P","[6 : 3]   P   Esporte Clube Pinheiros (women)",
,"21:33:47","04:27","Pt Conf","Pt Conf   Esporte Clube Pinheiros (women)",
,"21:33:55","04:35","SRV","SRV   Esporte Clube Pinheiros (women)",
,"21:33:57","04:38","RS","RS   Esporte Clube Pinheiros (women)",
,"21:33:58","04:38","B POSS","B POSS   Volei Bauru (women)",
,"21:34:04","04:44","B POSS","B POSS   Esporte Clube Pinheiros (women)",
,"21:34:08","04:48","B POSS","B POSS   Volei Bauru (women)",
,"21:34:12","04:52","K","K   Volei Bauru (women)",
,"21:34:12","04:52","P","[6 : 4]   P   Volei Bauru (women)",
,"21:34:26","05:06","Pt Conf","Pt Conf   Volei Bauru (women)",
,"21:34:31","05:12","SRV","SRV   Volei Bauru (women)",
,"21:34:34","05:14","RS","RS   Volei Bauru (women)",
,"21:34:34","05:15","B POSS","B POSS   Esporte Clube Pinheiros (women)",
,"21:34:38","05:18","K","K   Esporte Clube Pinheiros (women)",
,"21:34:38","05:18","P","[7 : 4]   P   Esporte Clube Pinheiros (women)",
,"21:34:51","05:31","Pt Conf","Pt Conf   Esporte Clube Pinheiros (women)",
,"21:34:57","05:37","SRV","SRV   Esporte Clube Pinheiros (women)",
,"21:34:59","05:39","S ERR","S ERR   Esporte Clube Pinheiros (women)",
,"21:34:59","05:39","P","[7 : 5]   P   Volei Bauru (women)",
,"21:35:11","05:51","Pt Conf","Pt Conf   Volei Bauru (women)",
,"21:35:17","05:57","SRV","SRV   Volei Bauru (women)",
,"21:35:19","05:59","RS","RS   Volei Bauru (women)",
,"21:35:19","06:00","B POSS","B POSS   Esporte Clube Pinheiros (women)",
,"21:35:23","06:03","B POSS","B POSS   Volei Bauru (women)",
,"21:35:25","06:06","OUT","OUT   Volei Bauru (women)",
,"21:35:25","06:06","P","[8 : 5]   P   Esporte Clube Pinheiros (women)",
,"21:35:39","06:19","Pt Conf","Pt Conf   Esporte Clube Pinheiros (women)",
,"21:35:44","06:24","SRV","SRV   Esporte Clube Pinheiros (women)",
,"21:35:47","06:27","RS","RS   Esporte Clube Pinheiros (women)",
,"21:35:47","06:27","B POSS","B POSS   Volei Bauru (women)",
,"21:35:50","06:30","K","K   Volei Bauru (women)",
,"21:35:50","06:30","P","[8 : 6]   P   Volei Bauru (women)",
,"21:36:03","06:43","Pt Conf","Pt Conf   Volei Bauru (women)",
,"21:36:12","06:53","SRV","SRV   Volei Bauru (women)",
,"21:36:16","06:56","RS","RS   Volei Bauru (women)",
,"21:36:16","06:56","B POSS","B POSS   Esporte Clube Pinheiros (women)",
,"21:36:19","06:59","B","B   Volei Bauru (women)",
,"21:36:19","06:59","P","[8 : 7]   P   Volei Bauru (women)",
,"21:36:36","07:16","Pt Conf","Pt Conf   Volei Bauru (women)",
,"21:36:46","07:27","SRV","SRV   Volei Bauru (women)",
,"21:36:50","07:30","RS","RS   Volei Bauru (women)",
,"21:36:50","07:31","B POSS","B POSS   Esporte Clube Pinheiros (women)",
,"21:36:53","07:33","K","K   Esporte Clube Pinheiros (women)",
,"21:36:53","07:33","P","[9 : 7]   P   Esporte Clube Pinheiros (women)",
,"21:37:10","07:50","Pt Conf","Pt Conf   Esporte Clube Pinheiros (women)",
,"21:37:17","07:57","SRV","SRV   Esporte Clube Pinheiros (women)",
,"21:37:20","08:01","A","A   Esporte Clube Pinheiros (women)",
,"21:37:20","08:01","P","[10 : 7]   P   Esporte Clube Pinheiros (women)",
,"21:37:37","08:17","Pt Conf","Pt Conf   Esporte Clube Pinheiros (women)",
,"21:37:44","08:24","SRV","SRV   Esporte Clube Pinheiros (women)",
,"21:37:47","08:28","RS","RS   Esporte Clube Pinheiros (women)",
,"21:37:48","08:28","B POSS","B POSS   Volei Bauru (women)",
,"21:37:50","08:31","B POSS","B POSS   Esporte Clube Pinheiros (women)",
,"21:37:53","08:34","B POSS","B POSS   Volei Bauru (women)",
,"21:38:02","08:42","ERR","ERR   Volei Bauru (women)",
,"21:38:02","08:42","P","[11 : 7]   P   Esporte Clube Pinheiros (women)",
,"21:38:18","08:58","Pt Conf","Pt Conf   Esporte Clube Pinheiros (women)",
,"21:38:22","09:03","SRV","SRV   Esporte Clube Pinheiros (women)",
,"21:38:25","09:05","RS","RS   Esporte Clube Pinheiros (women)",
,"21:38:25","09:06","B POSS","B POSS   Volei Bauru (women)",
,"21:38:27","09:07","B POSS","B POSS   Esporte Clube Pinheiros (women)",
,"21:38:31","09:12","B POSS","B POSS   Volei Bauru (women)",
,"21:38:38","09:19","K","K   Volei Bauru (women)",
,"21:38:38","09:19","P","[11 : 8]   P   Volei Bauru (women)",
,"21:38:57","09:37","Pt Conf","Pt Conf   Volei Bauru (women)",
,"21:39:03","09:43","SRV","SRV   Volei Bauru (women)",
,"21:39:06","09:46","RS","RS   Volei Bauru (women)",
,"21:39:06","09:46","B POSS","B POSS   Esporte Clube Pinheiros (women)",
,"21:39:09","09:50","B POSS","B POSS   Volei Bauru (women)",
,"21:39:14","09:54","B","B   Esporte Clube Pinheiros (women)",
,"21:39:14","09:54","P","[12 : 8]   P   Esporte Clube Pinheiros (women)",
,"21:39:29","10:09","Pt Conf","Pt Conf   Esporte Clube Pinheiros (women)",
,"21:39:32","10:12","SRV","SRV   Esporte Clube Pinheiros (women)",
,"21:39:34","10:14","RS","RS   Esporte Clube Pinheiros (women)",
,"21:39:34","10:14","B POSS","B POSS   Volei Bauru (women)",
,"21:39:37","10:18","K","K   Volei Bauru (women)",
,"21:39:37","10:18","P","[12 : 9]   P   Volei Bauru (women)",
,"21:39:51","10:32","Pt Conf","Pt Conf   Volei Bauru (women)",
,"21:39:54","10:34","SRV","SRV   Volei Bauru (women)",
,"21:39:57","10:37","RS","RS   Volei Bauru (women)",
,"21:39:57","10:37","B POSS","B POSS   Esporte Clube Pinheiros (women)",
,"21:40:00","10:41","B","B   Volei Bauru (women)",
,"21:40:00","10:41","P","[12 : 10]   P   Volei Bauru (women)",
,"21:40:13","10:54","Pt Conf","Pt Conf   Volei Bauru (women)",
,"21:40:17","10:57","SRV","SRV   Volei Bauru (women)",
,"21:40:20","11:00","S ERR","S ERR   Volei Bauru (women)",
,"21:40:20","11:00","P","[13 : 10]   P   Esporte Clube Pinheiros (women)",
,"21:40:31","11:11","Pt Conf","Pt Conf   Esporte Clube Pinheiros (women)",
,"21:40:37","11:18","SRV","SRV   Esporte Clube Pinheiros (women)",
,"21:40:40","11:20","RS","RS   Esporte Clube Pinheiros (women)",
,"21:40:40","11:21","B POSS","B POSS   Volei Bauru (women)",
,"21:40:43","11:23","K","K   Volei Bauru (women)",
,"21:40:43","11:23","P","[13 : 11]   P   Volei Bauru (women)",
,"21:40:59","11:39","Pt Conf","Pt Conf   Volei Bauru (women)",
,"21:41:04","11:45","SRV","SRV   Volei Bauru (women)",
,"21:41:07","11:47","RS","RS   Volei Bauru (women)",
,"21:41:07","11:47","B POSS","B POSS   Esporte Clube Pinheiros (women)",
,"21:41:15","11:55","B POSS","B POSS   Volei Bauru (women)",
,"21:41:20","12:00","B POSS","B POSS   Esporte Clube Pinheiros (women)",
,"21:41:21","12:01","B POSS","B POSS   Volei Bauru (women)",
,"21:41:28","12:08","Point under investigation","Point under investigation",
,"21:41:37","12:17","OUT","OUT   Esporte Clube Pinheiros (women)",
,"21:41:37","12:17","P","[13 : 12]   P   Volei Bauru (women)",
,"21:41:40","12:20","Correct statistics","Correct statistics   (OUT Esporte Clube Pinheiros (women) <=> K Volei Bauru (women))",
,"21:41:40","12:20","K","K   Volei Bauru (women)",
,"21:41:43","12:24","Pt Conf","Pt Conf   Volei Bauru (women)",
,"21:41:50","12:30","SRV","SRV   Volei Bauru (women)",
,"21:41:53","12:33","RS","RS   Volei Bauru (women)",
,"21:41:53","12:33","B POSS","B POSS   Esporte Clube Pinheiros (women)",
,"21:41:56","12:36","OUT","OUT   Esporte Clube Pinheiros (women)",
,"21:41:56","12:36","P","[13 : 13]   P   Volei Bauru (women)",
,"21:42:08","12:48","Pt Conf","Pt Conf   Volei Bauru (women)",
,"21:42:15","12:55","SRV","SRV   Volei Bauru (women)",
,"21:42:17","12:57","RS","RS   Volei Bauru (women)",
,"21:42:17","12:58","B POSS","B POSS   Esporte Clube Pinheiros (women)",
,"21:42:21","13:01","K","K   Esporte Clube Pinheiros (women)",
,"21:42:21","13:01","P","[14 : 13]   P   Esporte Clube Pinheiros (women)",
,"21:42:35","13:15","Pt Conf","Pt Conf   Esporte Clube Pinheiros (women)",
,"21:42:43","13:23","SRV","SRV   Esporte Clube Pinheiros (women)",
,"21:42:47","13:27","A","A   Esporte Clube Pinheiros (women)",
,"21:42:47","13:27","P","[15 : 13]   P   Esporte Clube Pinheiros (women)",
,"21:43:04","13:44","Pt Conf","Pt Conf   Esporte Clube Pinheiros (women)",
,"21:43:17","13:57","SRV","SRV   Esporte Clube Pinheiros (women)",
,"21:43:19","13:59","RS","RS   Esporte Clube Pinheiros (women)",
,"21:43:19","13:59","B POSS","B POSS   Volei Bauru (women)",
,"21:43:22","14:02","K","K   Volei Bauru (women)",
,"21:43:22","14:02","P","[15 : 14]   P   Volei Bauru (women)",
,"21:43:41","14:21","Pt Conf","Pt Conf   Volei Bauru (women)",
,"21:43:51","14:31","SRV","SRV   Volei Bauru (women)",
,"21:43:53","14:33","RS","RS   Volei Bauru (women)",
,"21:43:53","14:34","B POSS","B POSS   Esporte Clube Pinheiros (women)",
,"21:43:59","14:39","OUT","OUT   Esporte Clube Pinheiros (women)",
,"21:43:59","14:39","P","[15 : 15]   P   Volei Bauru (women)",
,"21:44:02","14:42","Point under investigation","Point under investigation",
,"21:44:17","14:58","Pt Conf","Pt Conf   Volei Bauru (women)",
,"21:44:20","15:00","SRV","SRV   Volei Bauru (women)",
,"21:44:23","15:03","RS","RS   Volei Bauru (women)",
,"21:44:23","15:04","B POSS","B POSS   Esporte Clube Pinheiros (women)",
,"21:44:25","15:05","B POSS","B POSS   Volei Bauru (women)",
,"21:44:25","15:06","B POSS","B POSS   Esporte Clube Pinheiros (women)",
,"21:44:26","15:06","B POSS","B POSS   Volei Bauru (women)",
,"21:44:29","15:10","OUT","OUT   Volei Bauru (women)",
,"21:44:29","15:10","P","[16 : 15]   P   Esporte Clube Pinheiros (women)",
,"21:44:45","15:26","Pt Conf","Pt Conf   Esporte Clube Pinheiros (women)",
,"21:44:51","15:32","SRV","SRV   Esporte Clube Pinheiros (women)",
,"21:44:54","15:34","S ERR","S ERR   Esporte Clube Pinheiros (women)",
,"21:44:54","15:34","P","[16 : 16]   P   Volei Bauru (women)",
,"21:45:08","15:49","Pt Conf","Pt Conf   Volei Bauru (women)",
,"21:45:10","15:50","SRV","SRV   Volei Bauru (women)",
,"21:45:12","15:52","RS","RS   Volei Bauru (women)",
,"21:45:13","15:53","B POSS","B POSS   Esporte Clube Pinheiros (women)",
,"21:45:16","15:57","K","K   Esporte Clube Pinheiros (women)",
,"21:45:16","15:57","P","[17 : 16]   P   Esporte Clube Pinheiros (women)",
,"21:45:31","16:11","Pt Conf","Pt Conf   Esporte Clube Pinheiros (women)",
,"21:45:37","16:18","SRV","SRV   Esporte Clube Pinheiros (women)",
,"21:45:40","16:20","RS","RS   Esporte Clube Pinheiros (women)",
,"21:45:40","16:20","B POSS","B POSS   Volei Bauru (women)",
,"21:45:43","16:23","K","K   Volei Bauru (women)",
,"21:45:43","16:23","P","[17 : 17]   P   Volei Bauru (women)",
,"21:45:59","16:39","Pt Conf","Pt Conf   Volei Bauru (women)",
,"21:46:06","16:47","SRV","SRV   Volei Bauru (women)",
,"21:46:09","16:49","RS","RS   Volei Bauru (women)",
,"21:46:09","16:50","B POSS","B POSS   Esporte Clube Pinheiros (women)",
,"21:46:13","16:53","OUT","OUT   Esporte Clube Pinheiros (women)",
,"21:46:13","16:53","P","[17 : 18]   P   Volei Bauru (women)",
,"21:46:22","17:02","Point under investigation","Point under investigation",
,"21:46:28","17:09","Pt Conf","Pt Conf   Volei Bauru (women)",
,"21:46:29","17:10","TIME","TIME",
,"21:46:30","17:11","TIME","TIME   Esporte Clube Pinheiros (women)",
,"21:47:30","18:10","SRV","SRV   Volei Bauru (women)",
,"21:47:33","18:13","RS","RS   Volei Bauru (women)",
,"21:47:33","18:13","B POSS","B POSS   Esporte Clube Pinheiros (women)",
,"21:47:37","18:18","B POSS","B POSS   Volei Bauru (women)",
,"21:47:40","18:20","B POSS","B POSS   Esporte Clube Pinheiros (women)",
,"21:47:45","18:25","K","K   Esporte Clube Pinheiros (women)",
,"21:47:45","18:25","P","[18 : 18]   P   Esporte Clube Pinheiros (women)",
,"21:48:03","18:43","Pt Conf","Pt Conf   Esporte Clube Pinheiros (women)",
,"21:48:10","18:51","SRV","SRV   Esporte Clube Pinheiros (women)",
,"21:48:14","18:54","RS","RS   Esporte Clube Pinheiros (women)",
,"21:48:14","18:54","B POSS","B POSS   Volei Bauru (women)",
,"21:48:16","18:56","K","K   Volei Bauru (women)",
,"21:48:16","18:56","P","[18 : 19]   P   Volei Bauru (women)",
,"21:48:35","19:16","Pt Conf","Pt Conf   Volei Bauru (women)",
,"21:48:47","19:27","SRV","SRV   Volei Bauru (women)",
,"21:48:49","19:29","RS","RS   Volei Bauru (women)",
,"21:48:49","19:30","B POSS","B POSS   Esporte Clube Pinheiros (women)",
,"21:48:53","19:34","OUT","OUT   Esporte Clube Pinheiros (women)",
,"21:48:53","19:34","P","[18 : 20]   P   Volei Bauru (women)",
,"21:49:11","19:52","Pt Conf","Pt Conf   Volei Bauru (women)",
,"21:49:23","20:03","SRV","SRV   Volei Bauru (women)",
,"21:49:25","20:06","RS","RS   Volei Bauru (women)",
,"21:49:26","20:06","B POSS","B POSS   Esporte Clube Pinheiros (women)",
,"21:49:30","20:10","B POSS","B POSS   Volei Bauru (women)",
,"21:49:32","20:13","B POSS","B POSS   Esporte Clube Pinheiros (women)",
,"21:49:36","20:16","B POSS","B POSS   Volei Bauru (women)",
,"21:49:40","20:21","B POSS","B POSS   Esporte Clube Pinheiros (women)",
,"21:49:46","20:26","OUT","OUT   Esporte Clube Pinheiros (women)",
,"21:49:46","20:26","P","[18 : 21]   P   Volei Bauru (women)",
,"21:49:58","20:38","Pt Conf","Pt Conf   Volei Bauru (women)",
,"21:49:59","20:39","TIME","TIME",
,"21:49:59","20:40","TIME","TIME   Esporte Clube Pinheiros (women)",
,"21:51:04","21:45","SRV","SRV   Volei Bauru (women)",
,"21:51:06","21:47","RS","RS   Volei Bauru (women)",
,"21:51:07","21:47","B POSS","B POSS   Esporte Clube Pinheiros (women)",
,"21:51:10","21:51","K","K   Esporte Clube Pinheiros (women)",
,"21:51:10","21:51","P","[19 : 21]   P   Esporte Clube Pinheiros (women)",
,"21:51:27","22:07","Pt Conf","Pt Conf   Esporte Clube Pinheiros (women)",
,"21:51:31","22:11","SRV","SRV   Esporte Clube Pinheiros (women)",
,"21:51:33","22:13","RS","RS   Esporte Clube Pinheiros (women)",
,"21:51:33","22:14","B POSS","B POSS   Volei Bauru (women)",
,"21:51:36","22:17","K","K   Volei Bauru (women)",
,"21:51:36","22:17","P","[19 : 22]   P   Volei Bauru (women)",
,"21:51:50","22:31","Pt Conf","Pt Conf   Volei Bauru (women)",
,"21:51:55","22:35","SRV","SRV   Volei Bauru (women)",
,"21:51:58","22:38","RS","RS   Volei Bauru (women)",
,"21:51:58","22:38","B POSS","B POSS   Esporte Clube Pinheiros (women)",
,"21:52:00","22:40","K","K   Esporte Clube Pinheiros (women)",
,"21:52:00","22:40","P","[20 : 22]   P   Esporte Clube Pinheiros (women)",
,"21:52:15","22:56","Pt Conf","Pt Conf   Esporte Clube Pinheiros (women)",
,"21:52:23","23:03","SRV","SRV   Esporte Clube Pinheiros (women)",
,"21:52:26","23:06","A","A   Esporte Clube Pinheiros (women)",
,"21:52:26","23:06","P","[21 : 22]   P   Esporte Clube Pinheiros (women)",
,"21:52:40","23:20","Pt Conf","Pt Conf   Esporte Clube Pinheiros (women)",
,"21:52:41","23:21","TIME","TIME",
,"21:52:41","23:22","TIME","TIME   Volei Bauru (women)",
,"21:53:44","24:25","SRV","SRV   Esporte Clube Pinheiros (women)",
,"21:53:47","24:28","RS","RS   Esporte Clube Pinheiros (women)",
,"21:53:48","24:28","B POSS","B POSS   Volei Bauru (women)",
,"21:53:50","24:30","K","K   Volei Bauru (women)",
,"21:53:50","24:30","P","[21 : 23]   P   Volei Bauru (women)",
,"21:54:07","24:47","Pt Conf","Pt Conf   Volei Bauru (women)",
,"21:54:16","24:56","SRV","SRV   Volei Bauru (women)",
,"21:54:19","24:59","RS","RS   Volei Bauru (women)",
,"21:54:19","24:59","B POSS","B POSS   Esporte Clube Pinheiros (women)",
,"21:54:22","25:03","K","K   Esporte Clube Pinheiros (women)",
,"21:54:22","25:03","P","[22 : 23]   P   Esporte Clube Pinheiros (women)",
,"21:54:37","25:18","Pt Conf","Pt Conf   Esporte Clube Pinheiros (women)",
,"21:54:48","25:28","SRV","SRV   Esporte Clube Pinheiros (women)",
,"21:54:51","25:31","RS","RS   Esporte Clube Pinheiros (women)",
,"21:54:51","25:31","B POSS","B POSS   Volei Bauru (women)",
,"21:54:54","25:35","K","K   Volei Bauru (women)",
,"21:54:54","25:35","P","[22 : 24]   P   Volei Bauru (women)",
,"21:55:07","25:47","Pt Conf","Pt Conf   Volei Bauru (women)",
,"21:55:13","25:54","SRV","SRV   Volei Bauru (women)",
,"21:55:16","25:56","RS","RS   Volei Bauru (women)",
,"21:55:16","25:56","B POSS","B POSS   Esporte Clube Pinheiros (women)",
,"21:55:19","25:59","B POSS","B POSS   Volei Bauru (women)",
,"21:55:24","26:04","OUT","OUT   Volei Bauru (women)",
,"21:55:24","26:04","P","[23 : 24]   P   Esporte Clube Pinheiros (women)",
,"21:55:42","26:22","Pt Conf","Pt Conf   Esporte Clube Pinheiros (women)",
,"21:55:56","26:36","SRV","SRV   Esporte Clube Pinheiros (women)",
,"21:55:58","26:38","RS","RS   Esporte Clube Pinheiros (women)",
,"21:55:58","26:39","B POSS","B POSS   Volei Bauru (women)",
,"21:56:00","26:41","B POSS","B POSS   Esporte Clube Pinheiros (women)",
,"21:56:05","26:45","OUT","OUT   Esporte Clube Pinheiros (women)",
,"21:56:05","26:45","P","[23 : 25]   P   Volei Bauru (women)",
,"21:56:11","26:52","Pt Conf","Pt Conf   Volei Bauru (women)",
,"21:56:15","26:55","S","S   Volei Bauru (women)",
,"21:56:15","26:55","Stop Set","Stop Set",
,"21:56:31","27:12","Score of last period confirmed","Score of last period confirmed",
,"21:59:09","29:50","Game about to start","Game about to start",
,"21:59:24","30:04","Start SRV","Start SRV   Esporte Clube Pinheiros (women)",
,"21:59:29","30:10","Start 2nd Set","Start 2nd Set",
,"21:59:30","30:10","SRV","SRV   Esporte Clube Pinheiros (women)",
,"21:59:32","30:12","A","A   Esporte Clube Pinheiros (women)",
,"21:59:32","30:12","P","[1 : 0]   P   Esporte Clube Pinheiros (women)",
,"21:59:46","30:26","Pt Conf","Pt Conf   Esporte Clube Pinheiros (women)",
,"21:59:50","30:30","SRV","SRV   Esporte Clube Pinheiros (women)",
,"21:59:53","30:33","RS","RS   Esporte Clube Pinheiros (women)",
,"21:59:53","30:33","B POSS","B POSS   Volei Bauru (women)",
,"21:59:55","30:35","B POSS","B POSS   Esporte Clube Pinheiros (women)",
,"21:59:59","30:40","K","K   Esporte Clube Pinheiros (women)",
,"21:59:59","30:40","P","[2 : 0]   P   Esporte Clube Pinheiros (women)",
,"22:00:14","30:54","Pt Conf","Pt Conf   Esporte Clube Pinheiros (women)",
,"22:00:18","30:58","SRV","SRV   Esporte Clube Pinheiros (women)",
,"22:00:21","31:01","S ERR","S ERR   Esporte Clube Pinheiros (women)",
,"22:00:21","31:01","P","[2 : 1]   P   Volei Bauru (women)",
,"22:00:39","31:19","Pt Conf","Pt Conf   Volei Bauru (women)",
,"22:00:41","31:21","SRV","SRV   Volei Bauru (women)",
,"22:00:44","31:24","RS","RS   Volei Bauru (women)",
,"22:00:45","31:25","B POSS","B POSS   Esporte Clube Pinheiros (women)",
,"22:00:48","31:29","B POSS","B POSS   Volei Bauru (women)",
,"22:00:53","31:33","B POSS","B POSS   Esporte Clube Pinheiros (women)",
,"22:00:58","31:39","B POSS","B POSS   Volei Bauru (women)",
,"22:01:01","31:41","K","K   Volei Bauru (women)",
,"22:01:01","31:41","P","[2 : 2]   P   Volei Bauru (women)",
,"22:01:19","31:59","Pt Conf","Pt Conf   Volei Bauru (women)",
,"22:01:38","32:18","SRV","SRV   Volei Bauru (women)",
,"22:01:40","32:20","RS","RS   Volei Bauru (women)",
,"22:01:41","32:21","B POSS","B POSS   Esporte Clube Pinheiros (women)",
,"22:01:44","32:24","K","K   Esporte Clube Pinheiros (women)",
,"22:01:44","32:24","P","[3 : 2]   P   Esporte Clube Pinheiros (women)",
,"22:02:00","32:41","Pt Conf","Pt Conf   Esporte Clube Pinheiros (women)",
,"22:02:05","32:45","SRV","SRV   Esporte Clube Pinheiros (women)",
,"22:02:06","32:46","RS","RS   Esporte Clube Pinheiros (women)",
,"22:02:06","32:47","B POSS","B POSS   Volei Bauru (women)",
,"22:02:09","32:49","B","B   Esporte Clube Pinheiros (women)",
,"22:02:09","32:49","P","[4 : 2]   P   Esporte Clube Pinheiros (women)",
,"22:02:20","33:00","Pt Conf","Pt Conf   Esporte Clube Pinheiros (women)",
,"22:02:24","33:04","SRV","SRV   Esporte Clube Pinheiros (women)",
,"22:02:26","33:06","RS","RS   Esporte Clube Pinheiros (women)",
,"22:02:27","33:07","B POSS","B POSS   Volei Bauru (women)",
,"22:02:29","33:09","B POSS","B POSS   Esporte Clube Pinheiros (women)",
,"22:02:33","33:13","K","K   Esporte Clube Pinheiros (women)",
,"22:02:33","33:13","P","[5 : 2]   P   Esporte Clube Pinheiros (women)",
,"22:02:47","33:28","Pt Conf","Pt Conf   Esporte Clube Pinheiros (women)",
,"22:02:51","33:31","SRV","SRV   Esporte Clube Pinheiros (women)",
,"22:02:52","33:33","RS","RS   Esporte Clube Pinheiros (women)",
,"22:02:53","33:33","B POSS","B POSS   Volei Bauru (women)",
,"22:02:55","33:35","K","K   Volei Bauru (women)",
,"22:02:55","33:35","P","[5 : 3]   P   Volei Bauru (women)",
,"22:03:09","33:49","Pt Conf","Pt Conf   Volei Bauru (women)",
,"22:03:13","33:53","SRV","SRV   Volei Bauru (women)",
,"22:03:16","33:56","RS","RS   Volei Bauru (women)",
,"22:03:17","33:57","B POSS","B POSS   Esporte Clube Pinheiros (women)",
,"22:03:18","33:59","ERR","ERR   Volei Bauru (women)",
,"22:03:18","33:59","P","[6 : 3]   P   Esporte Clube Pinheiros (women)",
,"22:03:27","34:08","Point under investigation","Point under investigation",
,"22:03:34","34:15","Pt Conf","Pt Conf   Esporte Clube Pinheiros (women)",
,"22:03:42","34:22","SRV","SRV   Esporte Clube Pinheiros (women)",
,"22:03:44","34:24","RS","RS   Esporte Clube Pinheiros (women)",
,"22:03:45","34:25","B POSS","B POSS   Volei Bauru (women)",
,"22:03:48","34:29","K","K   Volei Bauru (women)",
,"22:03:48","34:29","P","[6 : 4]   P   Volei Bauru (women)",
,"22:04:10","34:50","Pt Conf","Pt Conf   Volei Bauru (women)",
,"22:04:16","34:56","SRV","SRV   Volei Bauru (women)",
,"22:04:19","34:59","RS","RS   Volei Bauru (women)",
,"22:04:19","34:59","B POSS","B POSS   Esporte Clube Pinheiros (women)",
,"22:04:21","35:01","K","K   Esporte Clube Pinheiros (women)",
,"22:04:21","35:01","P","[7 : 4]   P   Esporte Clube Pinheiros (women)",
,"22:04:32","35:13","Pt Conf","Pt Conf   Esporte Clube Pinheiros (women)",
,"22:04:42","35:22","SRV","SRV   Esporte Clube Pinheiros (women)",
,"22:04:44","35:25","S ERR","S ERR   Esporte Clube Pinheiros (women)",
,"22:04:44","35:25","P","[7 : 5]   P   Volei Bauru (women)",
,"22:04:56","35:36","Pt Conf","Pt Conf   Volei Bauru (women)",
,"22:05:09","35:49","SRV","SRV   Volei Bauru (women)",
,"22:05:11","35:52","RS","RS   Volei Bauru (women)",
,"22:05:12","35:52","B POSS","B POSS   Esporte Clube Pinheiros (women)",
,"22:05:14","35:54","K","K   Esporte Clube Pinheiros (women)",
,"22:05:14","35:54","P","[8 : 5]   P   Esporte Clube Pinheiros (women)",
,"22:05:28","36:09","Pt Conf","Pt Conf   Esporte Clube Pinheiros (women)",
,"22:05:35","36:15","SRV","SRV   Esporte Clube Pinheiros (women)",
,"22:05:38","36:18","RS","RS   Esporte Clube Pinheiros (women)",
,"22:05:38","36:18","B POSS","B POSS   Volei Bauru (women)",
,"22:05:41","36:22","B POSS","B POSS   Esporte Clube Pinheiros (women)",
,"22:05:45","36:25","K","K   Esporte Clube Pinheiros (women)",
,"22:05:45","36:25","P","[9 : 5]   P   Esporte Clube Pinheiros (women)",
,"22:05:58","36:38","Pt Conf","Pt Conf   Esporte Clube Pinheiros (women)",
,"22:06:06","36:47","SRV","SRV   Esporte Clube Pinheiros (women)",
,"22:06:09","36:50","RS","RS   Esporte Clube Pinheiros (women)",
,"22:06:10","36:50","B POSS","B POSS   Volei Bauru (women)",
,"22:06:13","36:53","B POSS","B POSS   Esporte Clube Pinheiros (women)",
,"22:06:16","36:56","B POSS","B POSS   Volei Bauru (women)",
,"22:06:19","36:59","B","B   Esporte Clube Pinheiros (women)",
,"22:06:19","36:59","P","[10 : 5]   P   Esporte Clube Pinheiros (women)",
,"22:06:30","37:10","Pt Conf","Pt Conf   Esporte Clube Pinheiros (women)",
,"22:06:31","37:11","TIME","TIME",
,"22:06:36","37:17","TIME","TIME   Volei Bauru (women)",
,"22:07:29","38:09","SRV","SRV   Esporte Clube Pinheiros (women)",
,"22:07:32","38:12","RS","RS   Esporte Clube Pinheiros (women)",
,"22:07:32","38:13","B POSS","B POSS   Volei Bauru (women)",
,"22:07:35","38:15","B POSS","B POSS   Esporte Clube Pinheiros (women)",
,"22:07:40","38:20","OUT","OUT   Esporte Clube Pinheiros (women)",
,"22:07:40","38:20","P","[10 : 6]   P   Volei Bauru (women)",
,"22:07:57","38:38","Pt Conf","Pt Conf   Volei Bauru (women)",
,"22:08:03","38:43","SRV","SRV   Volei Bauru (women)",
,"22:08:05","38:45","RS","RS   Volei Bauru (women)",
,"22:08:05","38:45","B POSS","B POSS   Esporte Clube Pinheiros (women)",
,"22:08:09","38:49","B POSS","B POSS   Volei Bauru (women)",
,"22:08:13","38:54","K","K   Volei Bauru (women)",
,"22:08:13","38:54","P","[10 : 7]   P   Volei Bauru (women)",
,"22:08:34","39:15","Pt Conf","Pt Conf   Volei Bauru (women)",
,"22:08:44","39:25","SRV","SRV   Volei Bauru (women)",
,"22:08:47","39:28","RS","RS   Volei Bauru (women)",
,"22:08:48","39:28","B POSS","B POSS   Esporte Clube Pinheiros (women)",
,"22:08:51","39:31","B POSS","B POSS   Volei Bauru (women)",
,"22:08:54","39:34","K","K   Volei Bauru (women)",
,"22:08:54","39:34","P","[10 : 8]   P   Volei Bauru (women)",
,"22:09:08","39:48","Pt Conf","Pt Conf   Volei Bauru (women)",
,"22:09:18","39:59","SRV","SRV   Volei Bauru (women)",
,"22:09:21","40:01","RS","RS   Volei Bauru (women)",
,"22:09:21","40:01","B POSS","B POSS   Esporte Clube Pinheiros (women)",
,"22:09:24","40:04","B POSS","B POSS   Volei Bauru (women)",
,"22:09:28","40:08","B POSS","B POSS   Esporte Clube Pinheiros (women)",
,"22:09:30","40:10","B POSS","B POSS   Volei Bauru (women)",
,"22:09:32","40:13","K","K   Volei Bauru (women)",
,"22:09:32","40:13","P","[10 : 9]   P   Volei Bauru (women)",
,"22:09:50","40:30","Pt Conf","Pt Conf   Volei Bauru (women)",
,"22:09:57","40:37","SRV","SRV   Volei Bauru (women)",
,"22:09:59","40:39","S ERR","S ERR   Volei Bauru (women)",
,"22:09:59","40:39","P","[11 : 9]   P   Esporte Clube Pinheiros (women)",
,"22:10:13","40:53","Pt Conf","Pt Conf   Esporte Clube Pinheiros (women)",
,"22:10:19","40:59","SRV","SRV   Esporte Clube Pinheiros (women)",
,"22:10:22","41:02","RS","RS   Esporte Clube Pinheiros (women)",
,"22:10:22","41:02","B POSS","B POSS   Volei Bauru (women)",
,"22:10:26","41:06","K","K   Volei Bauru (women)",
,"22:10:26","41:06","P","[11 : 10]   P   Volei Bauru (women)",
,"22:10:41","41:22","Pt Conf","Pt Conf   Volei Bauru (women)",
,"22:10:43","41:23","SRV","SRV   Volei Bauru (women)",
,"22:10:46","41:26","RS","RS   Volei Bauru (women)",
,"22:10:46","41:26","B POSS","B POSS   Esporte Clube Pinheiros (women)",
,"22:10:50","41:30","K","K   Esporte Clube Pinheiros (women)",
,"22:10:50","41:30","P","[12 : 10]   P   Esporte Clube Pinheiros (women)",
,"22:11:10","41:50","Pt Conf","Pt Conf   Esporte Clube Pinheiros (women)",
,"22:11:11","41:52","SRV","SRV   Esporte Clube Pinheiros (women)",
,"22:11:14","41:54","RS","RS   Esporte Clube Pinheiros (women)",
,"22:11:14","41:55","B POSS","B POSS   Volei Bauru (women)",
,"22:11:17","41:57","B POSS","B POSS   Esporte Clube Pinheiros (women)",
,"22:11:25","42:06","K","K   Esporte Clube Pinheiros (women)",
,"22:11:25","42:06","P","[13 : 10]   P   Esporte Clube Pinheiros (women)",
,"22:11:41","42:21","Pt Conf","Pt Conf   Esporte Clube Pinheiros (women)",
,"22:11:45","42:25","SRV","SRV   Esporte Clube Pinheiros (women)",
,"22:11:49","42:29","RS","RS   Esporte Clube Pinheiros (women)",
,"22:11:49","42:29","B POSS","B POSS   Volei Bauru (women)",
,"22:11:51","42:32","B POSS","B POSS   Esporte Clube Pinheiros (women)",
,"22:11:57","42:37","B POSS","B POSS   Volei Bauru (women)",
,"22:12:01","42:41","B POSS","B POSS   Esporte Clube Pinheiros (women)",
,"22:12:05","42:45","B","B   Volei Bauru (women)",
,"22:12:05","42:45","P","[13 : 11]   P   Volei Bauru (women)",
,"22:12:27","43:07","Pt Conf","Pt Conf   Volei Bauru (women)",
,"22:12:34","43:14","SRV","SRV   Volei Bauru (women)",
,"22:12:40","43:20","RS","RS   Volei Bauru (women)",
,"22:12:40","43:21","B POSS","B POSS   Esporte Clube Pinheiros (women)",
,"22:12:41","43:21","B POSS","B POSS   Volei Bauru (women)",
,"22:12:45","43:26","B POSS","B POSS   Esporte Clube Pinheiros (women)",
,"22:12:49","43:30","K","K   Esporte Clube Pinheiros (women)",
,"22:12:49","43:30","P","[14 : 11]   P   Esporte Clube Pinheiros (women)",
,"22:12:51","43:32","Point under investigation","Point under investigation",
,"22:13:06","43:46","Pt Conf","Pt Conf   Esporte Clube Pinheiros (women)",
,"22:13:07","43:47","SRV","SRV   Esporte Clube Pinheiros (women)",
,"22:13:09","43:50","RS","RS   Esporte Clube Pinheiros (women)",
,"22:13:10","43:50","B POSS","B POSS   Volei Bauru (women)",
,"22:13:13","43:54","B POSS","B POSS   Esporte Clube Pinheiros (women)",
,"22:13:14","43:54","B POSS","B POSS   Volei Bauru (women)",
,"22:13:23","44:04","ERR","ERR   Volei Bauru (women)",
,"22:13:23","44:04","P","[15 : 11]   P   Esporte Clube Pinheiros (women)",
,"22:13:39","44:20","Pt Conf","Pt Conf   Esporte Clube Pinheiros (women)",
,"22:13:41","44:21","SRV","SRV   Esporte Clube Pinheiros (women)",
,"22:13:43","44:23","RS","RS   Esporte Clube Pinheiros (women)",
,"22:13:43","44:24","B POSS","B POSS   Volei Bauru (women)",
,"22:13:47","44:27","OUT","OUT   Volei Bauru (women)",
,"22:13:47","44:27","P","[16 : 11]   P   Esporte Clube Pinheiros (women)",
,"22:13:55","44:35","Pt Conf","Pt Conf   Esporte Clube Pinheiros (women)",
,"22:13:56","44:36","TIME","TIME",
,"22:13:56","44:37","TIME","TIME   Volei Bauru (women)",
,"22:14:55","45:35","SRV","SRV   Esporte Clube Pinheiros (women)",
,"22:14:58","45:38","RS","RS   Esporte Clube Pinheiros (women)",
,"22:14:58","45:39","B POSS","B POSS   Volei Bauru (women)",
,"22:15:05","45:45","K","K   Volei Bauru (women)",
,"22:15:05","45:45","P","[16 : 12]   P   Volei Bauru (women)",
,"22:15:22","46:03","Pt Conf","Pt Conf   Volei Bauru (women)",
,"22:15:36","46:16","SRV","SRV   Volei Bauru (women)",
,"22:15:39","46:19","RS","RS   Volei Bauru (women)",
,"22:15:39","46:20","B POSS","B POSS   Esporte Clube Pinheiros (women)",
,"22:15:43","46:23","B POSS","B POSS   Volei Bauru (women)",
,"22:15:46","46:26","ERR","ERR   Volei Bauru (women)",
,"22:15:46","46:26","P","[17 : 12]   P   Esporte Clube Pinheiros (women)",
,"22:16:04","46:45","Pt Conf","Pt Conf   Esporte Clube Pinheiros (women)",
,"22:16:11","46:51","SRV","SRV   Esporte Clube Pinheiros (women)",
,"22:16:12","46:53","RS","RS   Esporte Clube Pinheiros (women)",
,"22:16:13","46:53","B POSS","B POSS   Volei Bauru (women)",
,"22:16:15","46:56","K","K   Volei Bauru (women)",
,"22:16:15","46:56","P","[17 : 13]   P   Volei Bauru (women)",
,"22:16:29","47:10","Pt Conf","Pt Conf   Volei Bauru (women)",
,"22:16:34","47:15","SRV","SRV   Volei Bauru (women)",
,"22:16:37","47:18","RS","RS   Volei Bauru (women)",
,"22:16:38","47:18","B POSS","B POSS   Esporte Clube Pinheiros (women)",
,"22:16:43","47:23","B POSS","B POSS   Volei Bauru (women)",
,"22:16:47","47:27","B POSS","B POSS   Esporte Clube Pinheiros (women)",
,"22:16:52","47:32","B POSS","B POSS   Volei Bauru (women)",
,"22:16:58","47:38","B POSS","B POSS   Esporte Clube Pinheiros (women)",
,"22:17:00","47:40","B POSS","B POSS   Volei Bauru (women)",
,"22:17:00","47:40","Rally over 5 possession changes","Rally over 5 possession changes",
,"22:17:01","47:41","K","K   Volei Bauru (women)",
,"22:17:01","47:41","P","[17 : 14]   P   Volei Bauru (women)",
,"22:17:21","48:02","Pt Conf","Pt Conf   Volei Bauru (women)",
,"22:17:28","48:09","SRV","SRV   Volei Bauru (women)",
,"22:17:31","48:12","RS","RS   Volei Bauru (women)",
,"22:17:32","48:12","B POSS","B POSS   Esporte Clube Pinheiros (women)",
,"22:17:34","48:15","B","B   Volei Bauru (women)",
,"22:17:34","48:15","P","[17 : 15]   P   Volei Bauru (women)",
,"22:17:49","48:30","Pt Conf","Pt Conf   Volei Bauru (women)",
,"22:17:50","48:31","TIME","TIME",
,"22:17:51","48:31","TIME","TIME   Esporte Clube Pinheiros (women)",
,"22:18:53","49:33","SRV","SRV   Volei Bauru (women)",
,"22:18:56","49:36","RS","RS   Volei Bauru (women)",
,"22:18:56","49:36","B POSS","B POSS   Esporte Clube Pinheiros (women)",
,"22:18:58","49:39","B POSS","B POSS   Volei Bauru (women)",
,"22:19:02","49:42","K","K   Volei Bauru (women)",
,"22:19:02","49:42","P","[17 : 16]   P   Volei Bauru (women)",
,"22:19:19","50:00","Pt Conf","Pt Conf   Volei Bauru (women)",
,"22:19:27","50:08","SRV","SRV   Volei Bauru (women)",
,"22:19:30","50:10","RS","RS   Volei Bauru (women)",
,"22:19:30","50:10","B POSS","B POSS   Esporte Clube Pinheiros (women)",
,"22:19:35","50:15","B POSS","B POSS   Volei Bauru (women)",
,"22:19:37","50:18","K","K   Volei Bauru (women)",
,"22:19:37","50:18","P","[17 : 17]   P   Volei Bauru (women)",
,"22:20:01","50:42","Pt Conf","Pt Conf   Volei Bauru (women)",
,"22:20:12","50:52","SRV","SRV   Volei Bauru (women)",
,"22:20:14","50:54","RS","RS   Volei Bauru (women)",
,"22:20:14","50:55","B POSS","B POSS   Esporte Clube Pinheiros (women)",
,"22:20:17","50:57","B POSS","B POSS   Volei Bauru (women)",
,"22:20:17","50:58","B POSS","B POSS   Esporte Clube Pinheiros (women)",
,"22:20:22","51:02","K","K   Esporte Clube Pinheiros (women)",
,"22:20:22","51:02","P","[18 : 17]   P   Esporte Clube Pinheiros (women)",
,"22:20:46","51:27","Pt Conf","Pt Conf   Esporte Clube Pinheiros (women)",
,"22:20:57","51:37","SRV","SRV   Esporte Clube Pinheiros (women)",
,"22:20:59","51:39","RS","RS   Esporte Clube Pinheiros (women)",
,"22:21:00","51:40","B POSS","B POSS   Volei Bauru (women)",
,"22:21:02","51:43","K","K   Volei Bauru (women)",
,"22:21:02","51:43","P","[18 : 18]   P   Volei Bauru (women)",
,"22:21:21","52:01","Pt Conf","Pt Conf   Volei Bauru (women)",
,"22:21:30","52:10","SRV","SRV   Volei Bauru (women)",
,"22:21:33","52:13","RS","RS   Volei Bauru (women)",
,"22:21:34","52:14","B POSS","B POSS   Esporte Clube Pinheiros (women)",
,"22:21:35","52:16","B POSS","B POSS   Volei Bauru (women)",
,"22:21:41","52:21","B POSS","B POSS   Esporte Clube Pinheiros (women)",
,"22:21:45","52:25","K","K   Esporte Clube Pinheiros (women)",
,"22:21:45","52:25","P","[19 : 18]   P   Esporte Clube Pinheiros (women)",
,"22:22:04","52:44","Pt Conf","Pt Conf   Esporte Clube Pinheiros (women)",
,"22:22:07","52:47","SRV","SRV   Esporte Clube Pinheiros (women)",
,"22:22:09","52:50","RS","RS   Esporte Clube Pinheiros (women)",
,"22:22:10","52:50","B POSS","B POSS   Volei Bauru (women)",
,"22:22:13","52:53","K","K   Volei Bauru (women)",
,"22:22:13","52:53","P","[19 : 19]   P   Volei Bauru (women)",
,"22:22:32","53:12","Pt Conf","Pt Conf   Volei Bauru (women)",
,"22:22:45","53:26","SRV","SRV   Volei Bauru (women)",
,"22:22:48","53:29","RS","RS   Volei Bauru (women)",
,"22:22:49","53:29","B POSS","B POSS   Esporte Clube Pinheiros (women)",
,"22:22:52","53:32","K","K   Esporte Clube Pinheiros (women)",
,"22:22:52","53:32","P","[20 : 19]   P   Esporte Clube Pinheiros (women)",
,"22:23:12","53:52","Pt Conf","Pt Conf   Esporte Clube Pinheiros (women)",
,"22:23:23","54:03","SRV","SRV   Esporte Clube Pinheiros (women)",
,"22:23:26","54:07","RS","RS   Esporte Clube Pinheiros (women)",
,"22:23:27","54:07","B POSS","B POSS   Volei Bauru (women)",
,"22:23:28","54:09","B POSS","B POSS   Esporte Clube Pinheiros (women)",
,"22:23:35","54:15","B","B   Volei Bauru (women)",
,"22:23:35","54:15","P","[20 : 20]   P   Volei Bauru (women)",
,"22:23:49","54:30","Pt Conf","Pt Conf   Volei Bauru (women)",
,"22:23:53","54:33","SRV","SRV   Volei Bauru (women)",
,"22:23:55","54:35","RS","RS   Volei Bauru (women)",
,"22:23:55","54:36","B POSS","B POSS   Esporte Clube Pinheiros (women)",
,"22:23:59","54:39","B POSS","B POSS   Volei Bauru (women)",
,"22:24:06","54:46","B POSS","B POSS   Esporte Clube Pinheiros (women)",
,"22:24:10","54:50","B POSS","B POSS   Volei Bauru (women)",
,"22:24:11","54:51","B POSS","B POSS   Esporte Clube Pinheiros (women)",
,"22:24:15","54:55","K","K   Esporte Clube Pinheiros (women)",
,"22:24:15","54:55","P","[21 : 20]   P   Esporte Clube Pinheiros (women)",
,"22:24:43","55:24","Pt Conf","Pt Conf   Esporte Clube Pinheiros (women)",
,"22:24:50","55:31","SRV","SRV   Esporte Clube Pinheiros (women)",
,"22:24:53","55:33","RS","RS   Esporte Clube Pinheiros (women)",
,"22:24:53","55:34","B POSS","B POSS   Volei Bauru (women)",
,"22:24:56","55:37","K","K   Volei Bauru (women)",
,"22:24:56","55:37","P","[21 : 21]   P   Volei Bauru (women)",
,"22:25:14","55:54","Pt Conf","Pt Conf   Volei Bauru (women)",
,"22:25:36","56:16","SRV","SRV   Volei Bauru (women)",
,"22:25:38","56:18","RS","RS   Volei Bauru (women)",
,"22:25:38","56:19","B POSS","B POSS   Esporte Clube Pinheiros (women)",
,"22:25:41","56:21","B POSS","B POSS   Volei Bauru (women)",
,"22:25:45","56:25","OUT","OUT   Volei Bauru (women)",
,"22:25:45","56:25","P","[22 : 21]   P   Esporte Clube Pinheiros (women)",
,"22:25:46","56:26","Point under investigation","Point under investigation",
,"22:26:08","56:49","Pt Conf","Pt Conf   Esporte Clube Pinheiros (women)",
,"22:26:13","56:53","SRV","SRV   Esporte Clube Pinheiros (women)",
,"22:26:16","56:56","RS","RS   Esporte Clube Pinheiros (women)",
,"22:26:16","56:57","B POSS","B POSS   Volei Bauru (women)",
,"22:26:18","56:59","B POSS","B POSS   Esporte Clube Pinheiros (women)",
,"22:26:22","57:02","K","K   Esporte Clube Pinheiros (women)",
,"22:26:22","57:02","P","[23 : 21]   P   Esporte Clube Pinheiros (women)",
,"22:26:34","57:14","Pt Conf","Pt Conf   Esporte Clube Pinheiros (women)",
,"22:26:42","57:22","SRV","SRV   Esporte Clube Pinheiros (women)",
,"22:26:44","57:25","RS","RS   Esporte Clube Pinheiros (women)",
,"22:26:45","57:25","B POSS","B POSS   Volei Bauru (women)",
,"22:26:47","57:28","K","K   Volei Bauru (women)",
,"22:26:47","57:28","P","[23 : 22]   P   Volei Bauru (women)",
,"22:27:04","57:45","Pt Conf","Pt Conf   Volei Bauru (women)",
,"22:27:09","57:50","SRV","SRV   Volei Bauru (women)",
,"22:27:12","57:52","RS","RS   Volei Bauru (women)",
,"22:27:12","57:53","B POSS","B POSS   Esporte Clube Pinheiros (women)",
,"22:27:15","57:55","B POSS","B POSS   Volei Bauru (women)",
,"22:27:20","58:00","B POSS","B POSS   Esporte Clube Pinheiros (women)",
,"22:27:23","58:04","B POSS","B POSS   Volei Bauru (women)",
,"22:27:27","58:08","B","B   Esporte Clube Pinheiros (women)",
,"22:27:27","58:08","P","[24 : 22]   P   Esporte Clube Pinheiros (women)",
,"22:27:44","58:24","Pt Conf","Pt Conf   Esporte Clube Pinheiros (women)",
,"22:27:53","58:33","SRV","SRV   Esporte Clube Pinheiros (women)",
,"22:27:55","58:36","RS","RS   Esporte Clube Pinheiros (women)",
,"22:27:56","58:36","B POSS","B POSS   Volei Bauru (women)",
,"22:28:00","58:40","K","K   Volei Bauru (women)",
,"22:28:00","58:40","P","[24 : 23]   P   Volei Bauru (women)",
,"22:28:21","59:01","Pt Conf","Pt Conf   Volei Bauru (women)",
,"22:28:22","59:02","TIME","TIME",
,"22:28:23","59:03","TIME","TIME   Esporte Clube Pinheiros (women)",
,"22:29:24","60:04","SRV","SRV   Volei Bauru (women)",
,"22:29:26","60:07","RS","RS   Volei Bauru (women)",
,"22:29:27","60:07","B POSS","B POSS   Esporte Clube Pinheiros (women)",
,"22:29:29","60:09","K","K   Esporte Clube Pinheiros (women)",
,"22:29:29","60:09","P","[25 : 23]   P   Esporte Clube Pinheiros (women)",
,"22:29:34","60:14","Pt Conf","Pt Conf   Esporte Clube Pinheiros (women)",
,"22:29:38","60:18","S","S   Esporte Clube Pinheiros (women)",
,"22:29:38","60:18","Stop Set","Stop Set",
,"22:29:49","60:30","Score of last period confirmed","Score of last period confirmed",
,"22:32:26","63:06","Game about to start","Game about to start",
,"22:33:10","63:50","Start SRV","Start SRV   Volei Bauru (women)",
,"22:33:20","64:00","Start 3rd Set","Start 3rd Set",
,"22:33:20","64:00","SRV","SRV   Volei Bauru (women)",
,"22:33:23","64:03","RS","RS   Volei Bauru (women)",
,"22:33:23","64:03","B POSS","B POSS   Esporte Clube Pinheiros (women)",
,"22:33:26","64:06","B POSS","B POSS   Volei Bauru (women)",
,"22:33:31","64:11","B POSS","B POSS   Esporte Clube Pinheiros (women)",
,"22:33:34","64:15","K","K   Esporte Clube Pinheiros (women)",
,"22:33:34","64:15","P","[1 : 0]   P   Esporte Clube Pinheiros (women)",
,"22:33:49","64:29","Pt Conf","Pt Conf   Esporte Clube Pinheiros (women)",
,"22:33:54","64:34","SRV","SRV   Esporte Clube Pinheiros (women)",
,"22:33:56","64:36","RS","RS   Esporte Clube Pinheiros (women)",
,"22:33:56","64:36","B POSS","B POSS   Volei Bauru (women)",
,"22:33:59","64:39","K","K   Volei Bauru (women)",
,"22:33:59","64:39","P","[1 : 1]   P   Volei Bauru (women)",
,"22:34:13","64:53","Pt Conf","Pt Conf   Volei Bauru (women)",
,"22:34:15","64:55","SRV","SRV   Volei Bauru (women)",
,"22:34:19","64:59","RS","RS   Volei Bauru (women)",
,"22:34:19","64:59","B POSS","B POSS   Esporte Clube Pinheiros (women)",
,"22:34:22","65:02","B POSS","B POSS   Volei Bauru (women)",
,"22:34:26","65:06","B POSS","B POSS   Esporte Clube Pinheiros (women)",
,"22:34:28","65:08","B POSS","B POSS   Volei Bauru (women)",
,"22:34:33","65:13","B POSS","B POSS   Esporte Clube Pinheiros (women)",
,"22:34:40","65:20","B POSS","B POSS   Volei Bauru (women)",
,"22:34:40","65:20","Rally over 5 possession changes","Rally over 5 possession changes",
,"22:34:44","65:25","K","K   Volei Bauru (women)",
,"22:34:44","65:25","P","[1 : 2]   P   Volei Bauru (women)",
,"22:35:07","65:48","Point under investigation","Point under investigation",
,"22:35:29","66:10","Pt Conf","Pt Conf   Volei Bauru (women)",
,"22:35:32","66:12","SRV","SRV   Volei Bauru (women)",
,"22:35:35","66:15","RS","RS   Volei Bauru (women)",
,"22:35:35","66:15","B POSS","B POSS   Esporte Clube Pinheiros (women)",
,"22:35:39","66:19","B POSS","B POSS   Volei Bauru (women)",
,"22:35:41","66:22","ERR","ERR   Volei Bauru (women)",
,"22:35:41","66:22","P","[2 : 2]   P   Esporte Clube Pinheiros (women)",
,"22:35:58","66:39","Pt Conf","Pt Conf   Esporte Clube Pinheiros (women)",
,"22:36:04","66:45","SRV","SRV   Esporte Clube Pinheiros (women)",
,"22:36:07","66:47","RS","RS   Esporte Clube Pinheiros (women)",
,"22:36:07","66:47","B POSS","B POSS   Volei Bauru (women)",
,"22:36:11","66:52","B POSS","B POSS   Esporte Clube Pinheiros (women)",
,"22:36:14","66:54","K","K   Esporte Clube Pinheiros (women)",
,"22:36:14","66:54","P","[3 : 2]   P   Esporte Clube Pinheiros (women)",
,"22:36:31","67:11","Pt Conf","Pt Conf   Esporte Clube Pinheiros (women)",
,"22:36:38","67:18","SRV","SRV   Esporte Clube Pinheiros (women)",
,"22:36:40","67:21","RS","RS   Esporte Clube Pinheiros (women)",
,"22:36:41","67:21","B POSS","B POSS   Volei Bauru (women)",
,"22:36:44","67:24","K","K   Volei Bauru (women)",
,"22:36:44","67:24","P","[3 : 3]   P   Volei Bauru (women)",
,"22:37:00","67:40","Pt Conf","Pt Conf   Volei Bauru (women)",
,"22:37:06","67:46","SRV","SRV   Volei Bauru (women)",
,"22:37:08","67:49","RS","RS   Volei Bauru (women)",
,"22:37:09","67:49","B POSS","B POSS   Esporte Clube Pinheiros (women)",
,"22:37:12","67:53","B POSS","B POSS   Volei Bauru (women)",
,"22:37:17","67:57","ERR","ERR   Volei Bauru (women)",
,"22:37:17","67:57","P","[4 : 3]   P   Esporte Clube Pinheiros (women)",
,"22:37:21","68:01","Point under investigation","Point under investigation",
,"22:37:52","68:32","Pt Conf","Pt Conf   Esporte Clube Pinheiros (women)",
,"22:37:55","68:35","SRV","SRV   Esporte Clube Pinheiros (women)",
,"22:37:58","68:38","RS","RS   Esporte Clube Pinheiros (women)",
,"22:37:59","68:39","B POSS","B POSS   Volei Bauru (women)",
,"22:38:02","68:42","K","K   Volei Bauru (women)",
,"22:38:02","68:42","P","[4 : 4]   P   Volei Bauru (women)",
,"22:38:19","68:59","Pt Conf","Pt Conf   Volei Bauru (women)",
,"22:38:22","69:02","SRV","SRV   Volei Bauru (women)",
,"22:38:24","69:04","S ERR","S ERR   Volei Bauru (women)",
,"22:38:24","69:04","P","[5 : 4]   P   Esporte Clube Pinheiros (women)",
,"22:38:40","69:20","Pt Conf","Pt Conf   Esporte Clube Pinheiros (women)",
,"22:38:44","69:25","SRV","SRV   Esporte Clube Pinheiros (women)",
,"22:38:47","69:27","RS","RS   Esporte Clube Pinheiros (women)",
,"22:38:47","69:28","B POSS","B POSS   Volei Bauru (women)",
,"22:38:50","69:30","K","K   Volei Bauru (women)",
,"22:38:50","69:30","P","[5 : 5]   P   Volei Bauru (women)",
,"22:39:04","69:44","Pt Conf","Pt Conf   Volei Bauru (women)",
,"22:39:09","69:50","SRV","SRV   Volei Bauru (women)",
,"22:39:13","69:53","RS","RS   Volei Bauru (women)",
,"22:39:14","69:54","B POSS","B POSS   Esporte Clube Pinheiros (women)",
,"22:39:16","69:57","OUT","OUT   Esporte Clube Pinheiros (women)",
,"22:39:16","69:57","P","[5 : 6]   P   Volei Bauru (women)",
,"22:39:32","70:12","Pt Conf","Pt Conf   Volei Bauru (women)",
,"22:39:35","70:15","SRV","SRV   Volei Bauru (women)",
,"22:39:38","70:18","RS","RS   Volei Bauru (women)",
,"22:39:39","70:19","B POSS","B POSS   Esporte Clube Pinheiros (women)",
,"22:39:42","70:23","B","B   Volei Bauru (women)",
,"22:39:42","70:23","P","[5 : 7]   P   Volei Bauru (women)",
,"22:39:55","70:35","Pt Conf","Pt Conf   Volei Bauru (women)",
,"22:40:00","70:41","SRV","SRV   Volei Bauru (women)",
,"22:40:02","70:43","RS","RS   Volei Bauru (women)",
,"22:40:03","70:43","B POSS","B POSS   Esporte Clube Pinheiros (women)",
,"22:40:06","70:46","K","K   Esporte Clube Pinheiros (women)",
,"22:40:06","70:46","P","[6 : 7]   P   Esporte Clube Pinheiros (women)",
,"22:40:23","71:03","Pt Conf","Pt Conf   Esporte Clube Pinheiros (women)",
,"22:40:31","71:11","SRV","SRV   Esporte Clube Pinheiros (women)",
,"22:40:33","71:14","RS","RS   Esporte Clube Pinheiros (women)",
,"22:40:34","71:14","B POSS","B POSS   Volei Bauru (women)",
,"22:40:37","71:18","OUT","OUT   Volei Bauru (women)",
,"22:40:37","71:18","P","[7 : 7]   P   Esporte Clube Pinheiros (women)",
,"22:40:54","71:34","Pt Conf","Pt Conf   Esporte Clube Pinheiros (women)",
,"22:40:56","71:36","SRV","SRV   Esporte Clube Pinheiros (women)",
,"22:40:59","71:39","A","A   Esporte Clube Pinheiros (women)",
,"22:40:59","71:39","P","[8 : 7]   P   Esporte Clube Pinheiros (women)",
,"22:41:14","71:54","Pt Conf","Pt Conf   Esporte Clube Pinheiros (women)",
,"22:41:19","71:59","SRV","SRV   Esporte Clube Pinheiros (women)",
,"22:41:22","72:02","RS","RS   Esporte Clube Pinheiros (women)",
,"22:41:22","72:02","B POSS","B POSS   Volei Bauru (women)",
,"22:41:25","72:05","K","K   Volei Bauru (women)",
,"22:41:25","72:05","P","[8 : 8]   P   Volei Bauru (women)",
,"22:41:42","72:22","Pt Conf","Pt Conf   Volei Bauru (women)",
,"22:41:50","72:30","SRV","SRV   Volei Bauru (women)",
,"22:41:54","72:34","S ERR","S ERR   Volei Bauru (women)",
,"22:41:54","72:34","P","[9 : 8]   P   Esporte Clube Pinheiros (women)",
,"22:42:06","72:46","Pt Conf","Pt Conf   Esporte Clube Pinheiros (women)",
,"22:42:13","72:53","SRV","SRV   Esporte Clube Pinheiros (women)",
,"22:42:15","72:56","RS","RS   Esporte Clube Pinheiros (women)",
,"22:42:16","72:56","B POSS","B POSS   Volei Bauru (women)",
,"22:42:20","73:00","K","K   Volei Bauru (women)",
,"22:42:20","73:00","P","[9 : 9]   P   Volei Bauru (women)",
,"22:42:37","73:17","Pt Conf","Pt Conf   Volei Bauru (women)",
,"22:42:40","73:20","SRV","SRV   Volei Bauru (women)",
,"22:42:42","73:23","RS","RS   Volei Bauru (women)",
,"22:42:43","73:23","B POSS","B POSS   Esporte Clube Pinheiros (women)",
,"22:42:45","73:25","K","K   Esporte Clube Pinheiros (women)",
,"22:42:45","73:25","P","[10 : 9]   P   Esporte Clube Pinheiros (women)",
,"22:43:00","73:40","Pt Conf","Pt Conf   Esporte Clube Pinheiros (women)",
,"22:43:04","73:44","SRV","SRV   Esporte Clube Pinheiros (women)",
,"22:43:07","73:47","RS","RS   Esporte Clube Pinheiros (women)",
,"22:43:07","73:47","B POSS","B POSS   Volei Bauru (women)",
,"22:43:09","73:50","B","B   Esporte Clube Pinheiros (women)",
,"22:43:09","73:50","P","[11 : 9]   P   Esporte Clube Pinheiros (women)",
,"22:43:26","74:06","Pt Conf","Pt Conf   Esporte Clube Pinheiros (women)",
,"22:43:27","74:08","SRV","SRV   Esporte Clube Pinheiros (women)",
,"22:43:29","74:10","RS","RS   Esporte Clube Pinheiros (women)",
,"22:43:30","74:10","B POSS","B POSS   Volei Bauru (women)",
,"22:43:33","74:13","B","B   Esporte Clube Pinheiros (women)",
,"22:43:33","74:13","P","[12 : 9]   P   Esporte Clube Pinheiros (women)",
,"22:43:43","74:23","Pt Conf","Pt Conf   Esporte Clube Pinheiros (women)",
,"22:43:44","74:24","TIME","TIME",
,"22:43:45","74:25","TIME","TIME   Volei Bauru (women)",
,"22:44:51","75:31","SRV","SRV   Esporte Clube Pinheiros (women)",
,"22:44:54","75:34","RS","RS   Esporte Clube Pinheiros (women)",
,"22:44:54","75:34","B POSS","B POSS   Volei Bauru (women)",
,"22:44:56","75:36","B POSS","B POSS   Esporte Clube Pinheiros (women)",
,"22:45:00","75:40","K","K   Esporte Clube Pinheiros (women)",
,"22:45:00","75:40","P","[13 : 9]   P   Esporte Clube Pinheiros (women)",
,"22:45:15","75:56","Pt Conf","Pt Conf   Esporte Clube Pinheiros (women)",
,"22:45:19","75:59","SRV","SRV   Esporte Clube Pinheiros (women)",
,"22:45:21","76:01","RS","RS   Esporte Clube Pinheiros (women)",
,"22:45:21","76:02","B POSS","B POSS   Volei Bauru (women)",
,"22:45:24","76:05","K","K   Volei Bauru (women)",
,"22:45:24","76:05","P","[13 : 10]   P   Volei Bauru (women)",
,"22:45:40","76:20","Pt Conf","Pt Conf   Volei Bauru (women)",
,"22:45:44","76:24","SRV","SRV   Volei Bauru (women)",
,"22:45:47","76:27","RS","RS   Volei Bauru (women)",
,"22:45:47","76:28","B POSS","B POSS   Esporte Clube Pinheiros (women)",
,"22:45:49","76:29","K","K   Esporte Clube Pinheiros (women)",
,"22:45:49","76:29","P","[14 : 10]   P   Esporte Clube Pinheiros (women)",
,"22:46:09","76:50","Pt Conf","Pt Conf   Esporte Clube Pinheiros (women)",
,"22:46:11","76:52","SRV","SRV   Esporte Clube Pinheiros (women)",
,"22:46:14","76:54","RS","RS   Esporte Clube Pinheiros (women)",
,"22:46:14","76:55","B POSS","B POSS   Volei Bauru (women)",
,"22:46:20","77:00","B POSS","B POSS   Esporte Clube Pinheiros (women)",
,"22:46:23","77:03","K","K   Esporte Clube Pinheiros (women)",
,"22:46:23","77:03","P","[15 : 10]   P   Esporte Clube Pinheiros (women)",
,"22:46:40","77:20","Pt Conf","Pt Conf   Esporte Clube Pinheiros (women)",
,"22:46:50","77:30","SRV","SRV   Esporte Clube Pinheiros (women)",
,"22:46:51","77:32","S ERR","S ERR   Esporte Clube Pinheiros (women)",
,"22:46:51","77:32","P","[15 : 11]   P   Volei Bauru (women)",
,"22:47:06","77:46","Pt Conf","Pt Conf   Volei Bauru (women)",
,"22:47:10","77:51","SRV","SRV   Volei Bauru (women)",
,"22:47:13","77:53","RS","RS   Volei Bauru (women)",
,"22:47:13","77:54","B POSS","B POSS   Esporte Clube Pinheiros (women)",
,"22:47:16","77:56","K","K   Esporte Clube Pinheiros (women)",
,"22:47:16","77:56","P","[16 : 11]   P   Esporte Clube Pinheiros (women)",
,"22:47:30","78:10","Pt Conf","Pt Conf   Esporte Clube Pinheiros (women)",
,"22:47:38","78:19","SRV","SRV   Esporte Clube Pinheiros (women)",
,"22:47:41","78:21","A","A   Esporte Clube Pinheiros (women)",
,"22:47:41","78:21","P","[17 : 11]   P   Esporte Clube Pinheiros (women)",
,"22:47:59","78:39","Pt Conf","Pt Conf   Esporte Clube Pinheiros (women)",
,"22:48:06","78:46","SRV","SRV   Esporte Clube Pinheiros (women)",
,"22:48:08","78:49","RS","RS   Esporte Clube Pinheiros (women)",
,"22:48:09","78:49","B POSS","B POSS   Volei Bauru (women)",
,"22:48:10","78:51","K","K   Volei Bauru (women)",
,"22:48:10","78:51","P","[17 : 12]   P   Volei Bauru (women)",
,"22:48:21","79:02","Pt Conf","Pt Conf   Volei Bauru (women)",
,"22:48:39","79:19","SRV","SRV   Volei Bauru (women)",
,"22:48:45","79:25","RS","RS   Volei Bauru (women)",
,"22:48:45","79:25","B POSS","B POSS   Esporte Clube Pinheiros (women)",
,"22:48:45","79:26","B POSS","B POSS   Volei Bauru (women)",
,"22:48:51","79:31","K","K   Volei Bauru (women)",
,"22:48:51","79:31","P","[17 : 13]   P   Volei Bauru (women)",
,"22:49:10","79:50","Pt Conf","Pt Conf   Volei Bauru (women)",
,"22:49:11","79:52","TIME","TIME",
,"22:49:15","79:56","TIME","TIME   Esporte Clube Pinheiros (women)",
,"22:50:03","80:43","SRV","SRV   Volei Bauru (women)",
,"22:50:05","80:45","RS","RS   Volei Bauru (women)",
,"22:50:05","80:46","B POSS","B POSS   Esporte Clube Pinheiros (women)",
,"22:50:10","80:50","B","B   Volei Bauru (women)",
,"22:50:10","80:50","P","[17 : 14]   P   Volei Bauru (women)",
,"22:50:28","81:09","Pt Conf","Pt Conf   Volei Bauru (women)",
,"22:50:36","81:17","SRV","SRV   Volei Bauru (women)",
,"22:50:40","81:20","RS","RS   Volei Bauru (women)",
,"22:50:40","81:20","B POSS","B POSS   Esporte Clube Pinheiros (women)",
,"22:50:43","81:23","B POSS","B POSS   Volei Bauru (women)",
,"22:50:46","81:27","B POSS","B POSS   Esporte Clube Pinheiros (women)",
,"22:50:50","81:30","B POSS","B POSS   Volei Bauru (women)",
,"22:50:54","81:34","B POSS","B POSS   Esporte Clube Pinheiros (women)",
,"22:50:58","81:39","K","K   Esporte Clube Pinheiros (women)",
,"22:50:58","81:39","P","[18 : 14]   P   Esporte Clube Pinheiros (women)",
,"22:51:14","81:54","Pt Conf","Pt Conf   Esporte Clube Pinheiros (women)",
,"22:51:26","82:06","SRV","SRV   Esporte Clube Pinheiros (women)",
,"22:51:29","82:09","RS","RS   Esporte Clube Pinheiros (women)",
,"22:51:30","82:10","B POSS","B POSS   Volei Bauru (women)",
,"22:51:33","82:13","B","B   Esporte Clube Pinheiros (women)",
,"22:51:33","82:13","P","[19 : 14]   P   Esporte Clube Pinheiros (women)",
,"22:51:50","82:30","Pt Conf","Pt Conf   Esporte Clube Pinheiros (women)",
,"22:51:54","82:34","SRV","SRV   Esporte Clube Pinheiros (women)",
,"22:51:58","82:38","RS","RS   Esporte Clube Pinheiros (women)",
,"22:51:58","82:39","B POSS","B POSS   Volei Bauru (women)",
,"22:52:01","82:41","B POSS","B POSS   Esporte Clube Pinheiros (women)",
,"22:52:05","82:45","B POSS","B POSS   Volei Bauru (women)",
,"22:52:10","82:50","K","K   Volei Bauru (women)",
,"22:52:10","82:50","P","[19 : 15]   P   Volei Bauru (women)",
,"22:52:26","83:06","Pt Conf","Pt Conf   Volei Bauru (women)",
,"22:52:30","83:11","SRV","SRV   Volei Bauru (women)",
,"22:52:34","83:14","RS","RS   Volei Bauru (women)",
,"22:52:34","83:14","B POSS","B POSS   Esporte Clube Pinheiros (women)",
,"22:52:36","83:17","K","K   Esporte Clube Pinheiros (women)",
,"22:52:36","83:17","P","[20 : 15]   P   Esporte Clube Pinheiros (women)",
,"22:52:55","83:36","Pt Conf","Pt Conf   Esporte Clube Pinheiros (women)",
,"22:53:05","83:45","SRV","SRV   Esporte Clube Pinheiros (women)",
,"22:53:07","83:47","RS","RS   Esporte Clube Pinheiros (women)",
,"22:53:07","83:47","B POSS","B POSS   Volei Bauru (women)",
,"22:53:11","83:51","K","K   Volei Bauru (women)",
,"22:53:11","83:51","P","[20 : 16]   P   Volei Bauru (women)",
,"22:53:29","84:10","Pt Conf","Pt Conf   Volei Bauru (women)",
,"22:53:35","84:15","SRV","SRV   Volei Bauru (women)",
,"22:53:38","84:18","RS","RS   Volei Bauru (women)",
,"22:53:38","84:18","B POSS","B POSS   Esporte Clube Pinheiros (women)",
,"22:53:40","84:20","B POSS","B POSS   Volei Bauru (women)",
,"22:53:45","84:25","OUT","OUT   Volei Bauru (women)",
,"22:53:45","84:25","P","[21 : 16]   P   Esporte Clube Pinheiros (women)",
,"22:54:05","84:46","Pt Conf","Pt Conf   Esporte Clube Pinheiros (women)",
,"22:54:12","84:53","SRV","SRV   Esporte Clube Pinheiros (women)",
,"22:54:15","84:55","RS","RS   Esporte Clube Pinheiros (women)",
,"22:54:15","84:56","B POSS","B POSS   Volei Bauru (women)",
,"22:54:18","84:58","B POSS","B POSS   Esporte Clube Pinheiros (women)",
,"22:54:23","85:03","K","K   Esporte Clube Pinheiros (women)",
,"22:54:23","85:03","P","[22 : 16]   P   Esporte Clube Pinheiros (women)",
,"22:54:39","85:19","Pt Conf","Pt Conf   Esporte Clube Pinheiros (women)",
,"22:54:42","85:23","SRV","SRV   Esporte Clube Pinheiros (women)",
,"22:54:46","85:26","RS","RS   Esporte Clube Pinheiros (women)",
,"22:54:46","85:26","B POSS","B POSS   Volei Bauru (women)",
,"22:54:49","85:29","B POSS","B POSS   Esporte Clube Pinheiros (women)",
,"22:54:54","85:34","K","K   Esporte Clube Pinheiros (women)",
,"22:54:54","85:34","P","[23 : 16]   P   Esporte Clube Pinheiros (women)",
,"22:55:09","85:50","Pt Conf","Pt Conf   Esporte Clube Pinheiros (women)",
,"22:55:21","86:01","SRV","SRV   Esporte Clube Pinheiros (women)",
,"22:55:24","86:04","RS","RS   Esporte Clube Pinheiros (women)",
,"22:55:24","86:05","B POSS","B POSS   Volei Bauru (women)",
,"22:55:28","86:08","B POSS","B POSS   Esporte Clube Pinheiros (women)",
,"22:55:31","86:12","K","K   Esporte Clube Pinheiros (women)",
,"22:55:31","86:12","P","[24 : 16]   P   Esporte Clube Pinheiros (women)",
,"22:55:48","86:28","Pt Conf","Pt Conf   Esporte Clube Pinheiros (women)",
,"22:55:53","86:33","SRV","SRV   Esporte Clube Pinheiros (women)",
,"22:55:55","86:35","S ERR","S ERR   Esporte Clube Pinheiros (women)",
,"22:55:55","86:35","P","[24 : 17]   P   Volei Bauru (women)",
,"22:56:10","86:51","Pt Conf","Pt Conf   Volei Bauru (women)",
,"22:56:13","86:53","SRV","SRV   Volei Bauru (women)",
,"22:56:16","86:56","RS","RS   Volei Bauru (women)",
,"22:56:16","86:56","B POSS","B POSS   Esporte Clube Pinheiros (women)",
,"22:56:21","87:01","B POSS","B POSS   Volei Bauru (women)",
,"22:56:27","87:07","B POSS","B POSS   Esporte Clube Pinheiros (women)",
,"22:56:31","87:12","K","K   Esporte Clube Pinheiros (women)",
,"22:56:31","87:12","P","[25 : 17]   P   Esporte Clube Pinheiros (women)",
,"22:56:38","87:19","Pt Conf","Pt Conf   Esporte Clube Pinheiros (women)",
,"22:56:41","87:21","S","S   Esporte Clube Pinheiros (women)",
,"22:56:41","87:21","Stop Set","Stop Set",
,"22:56:58","87:38","Score of last period confirmed","Score of last period confirmed",
,"22:59:44","90:25","Game about to start","Game about to start",
,"23:00:11","90:51","Start SRV","Start SRV   Esporte Clube Pinheiros (women)",
,"23:00:18","90:58","Start 4th Set","Start 4th Set",
,"23:00:18","90:59","SRV","SRV   Esporte Clube Pinheiros (women)",
,"23:00:21","91:01","RS","RS   Esporte Clube Pinheiros (women)",
,"23:00:21","91:01","B POSS","B POSS   Volei Bauru (women)",
,"23:00:28","91:09","K","K   Volei Bauru (women)",
,"23:00:28","91:09","P","[0 : 1]   P   Volei Bauru (women)",
,"23:00:45","91:25","Pt Conf","Pt Conf   Volei Bauru (women)",
,"23:00:48","91:28","SRV","SRV   Volei Bauru (women)",
,"23:00:51","91:31","RS","RS   Volei Bauru (women)",
,"23:00:51","91:31","B POSS","B POSS   Esporte Clube Pinheiros (women)",
,"23:00:54","91:34","B","B   Volei Bauru (women)",
,"23:00:54","91:34","P","[0 : 2]   P   Volei Bauru (women)",
,"23:01:07","91:47","Pt Conf","Pt Conf   Volei Bauru (women)",
,"23:01:11","91:51","SRV","SRV   Volei Bauru (women)",
,"23:01:15","91:55","RS","RS   Volei Bauru (women)",
,"23:01:15","91:55","B POSS","B POSS   Esporte Clube Pinheiros (women)",
,"23:01:21","92:01","B POSS","B POSS   Volei Bauru (women)",
,"23:01:26","92:06","B POSS","B POSS   Esporte Clube Pinheiros (women)",
,"23:01:28","92:08","B POSS","B POSS   Volei Bauru (women)",
,"23:01:33","92:13","OUT","OUT   Volei Bauru (women)",
,"23:01:33","92:13","P","[1 : 2]   P   Esporte Clube Pinheiros (women)",
,"23:01:50","92:31","Pt Conf","Pt Conf   Esporte Clube Pinheiros (women)",
,"23:01:53","92:33","SRV","SRV   Esporte Clube Pinheiros (women)",
,"23:01:55","92:35","RS","RS   Esporte Clube Pinheiros (women)",
,"23:01:55","92:36","B POSS","B POSS   Volei Bauru (women)",
,"23:01:58","92:38","B POSS","B POSS   Esporte Clube Pinheiros (women)",
,"23:02:00","92:41","B POSS","B POSS   Volei Bauru (women)",
,"23:02:05","92:46","OUT","OUT   Volei Bauru (women)",
,"23:02:05","92:46","P","[2 : 2]   P   Esporte Clube Pinheiros (women)",
,"23:02:08","92:48","Point under investigation","Point under investigation",
,"23:02:40","93:20","Pt Conf","Pt Conf   Esporte Clube Pinheiros (women)",
,"23:02:46","93:26","SRV","SRV   Esporte Clube Pinheiros (women)",
,"23:02:49","93:29","RS","RS   Esporte Clube Pinheiros (women)",
,"23:02:49","93:29","B POSS","B POSS   Volei Bauru (women)",
,"23:02:56","93:37","B POSS","B POSS   Esporte Clube Pinheiros (women)",
,"23:03:02","93:42","B POSS","B POSS   Volei Bauru (women)",
,"23:03:05","93:45","OUT","OUT   Volei Bauru (women)",
,"23:03:05","93:45","P","[3 : 2]   P   Esporte Clube Pinheiros (women)",
,"23:03:21","94:01","Pt Conf","Pt Conf   Esporte Clube Pinheiros (women)",
,"23:03:22","94:02","SRV","SRV   Esporte Clube Pinheiros (women)",
,"23:03:23","94:04","RS","RS   Esporte Clube Pinheiros (women)",
,"23:03:24","94:04","B POSS","B POSS   Volei Bauru (women)",
,"23:03:27","94:07","K","K   Volei Bauru (women)",
,"23:03:27","94:07","P","[3 : 3]   P   Volei Bauru (women)",
,"23:03:41","94:22","Pt Conf","Pt Conf   Volei Bauru (women)",
,"23:03:46","94:26","SRV","SRV   Volei Bauru (women)",
,"23:03:48","94:28","S ERR","S ERR   Volei Bauru (women)",
,"23:03:48","94:28","P","[4 : 3]   P   Esporte Clube Pinheiros (women)",
,"23:04:07","94:47","Pt Conf","Pt Conf   Esporte Clube Pinheiros (women)",
,"23:04:10","94:50","SRV","SRV   Esporte Clube Pinheiros (women)",
,"23:04:13","94:53","RS","RS   Esporte Clube Pinheiros (women)",
,"23:04:13","94:54","B POSS","B POSS   Volei Bauru (women)",
,"23:04:17","94:57","B","B   Esporte Clube Pinheiros (women)",
,"23:04:17","94:57","P","[5 : 3]   P   Esporte Clube Pinheiros (women)",
,"23:04:35","95:15","Pt Conf","Pt Conf   Esporte Clube Pinheiros (women)",
,"23:04:41","95:22","SRV","SRV   Esporte Clube Pinheiros (women)",
,"23:04:44","95:24","RS","RS   Esporte Clube Pinheiros (women)",
,"23:04:44","95:25","B POSS","B POSS   Volei Bauru (women)",
,"23:04:46","95:27","K","K   Volei Bauru (women)",
,"23:04:46","95:27","P","[5 : 4]   P   Volei Bauru (women)",
,"23:05:13","95:53","Pt Conf","Pt Conf   Volei Bauru (women)",
,"23:05:17","95:57","SRV","SRV   Volei Bauru (women)",
,"23:05:19","96:00","RS","RS   Volei Bauru (women)",
,"23:05:20","96:00","B POSS","B POSS   Esporte Clube Pinheiros (women)",
,"23:05:23","96:03","K","K   Esporte Clube Pinheiros (women)",
,"23:05:23","96:03","P","[6 : 4]   P   Esporte Clube Pinheiros (women)",
,"23:05:40","96:21","Pt Conf","Pt Conf   Esporte Clube Pinheiros (women)",
,"23:05:44","96:24","SRV","SRV   Esporte Clube Pinheiros (women)",
,"23:05:47","96:28","RS","RS   Esporte Clube Pinheiros (women)",
,"23:05:48","96:28","B POSS","B POSS   Volei Bauru (women)",
,"23:05:49","96:30","ERR","ERR   Volei Bauru (women)",
,"23:05:49","96:30","P","[7 : 4]   P   Esporte Clube Pinheiros (women)",
,"23:06:05","96:46","Pt Conf","Pt Conf   Esporte Clube Pinheiros (women)",
,"23:06:10","96:51","SRV","SRV   Esporte Clube Pinheiros (women)",
,"23:06:15","96:55","RS","RS   Esporte Clube Pinheiros (women)",
,"23:06:15","96:55","B POSS","B POSS   Volei Bauru (women)",
,"23:06:19","96:59","B POSS","B POSS   Esporte Clube Pinheiros (women)",
,"23:06:21","97:02","K","K   Esporte Clube Pinheiros (women)",
,"23:06:21","97:02","P","[8 : 4]   P   Esporte Clube Pinheiros (women)",
,"23:06:35","97:15","Pt Conf","Pt Conf   Esporte Clube Pinheiros (women)",
,"23:06:36","97:17","TIME","TIME",
,"23:06:37","97:17","TIME","TIME   Volei Bauru (women)",
,"23:07:38","98:18","SRV","SRV   Esporte Clube Pinheiros (women)",
,"23:07:41","98:21","RS","RS   Esporte Clube Pinheiros (women)",
,"23:07:41","98:22","B POSS","B POSS   Volei Bauru (women)",
,"23:07:45","98:25","K","K   Volei Bauru (women)",
,"23:07:45","98:25","P","[8 : 5]   P   Volei Bauru (women)",
,"23:07:59","98:39","Pt Conf","Pt Conf   Volei Bauru (women)",
,"23:08:03","98:44","SRV","SRV   Volei Bauru (women)",
,"23:08:07","98:47","RS","RS   Volei Bauru (women)",
,"23:08:07","98:47","B POSS","B POSS   Esporte Clube Pinheiros (women)",
,"23:08:11","98:51","B","B   Volei Bauru (women)",
,"23:08:11","98:51","P","[8 : 6]   P   Volei Bauru (women)",
,"23:08:31","99:11","Pt Conf","Pt Conf   Volei Bauru (women)",
,"23:08:34","99:14","SRV","SRV   Volei Bauru (women)",
,"23:08:35","99:15","RS","RS   Volei Bauru (women)",
,"23:08:35","99:15","B POSS","B POSS   Esporte Clube Pinheiros (women)",
,"23:08:39","99:19","OUT","OUT   Esporte Clube Pinheiros (women)",
,"23:08:39","99:19","P","[8 : 7]   P   Volei Bauru (women)",
,"23:08:58","99:38","Pt Conf","Pt Conf   Volei Bauru (women)",
,"23:09:03","99:43","SRV","SRV   Volei Bauru (women)",
,"23:09:05","99:46","RS","RS   Volei Bauru (women)",
,"23:09:06","99:46","B POSS","B POSS   Esporte Clube Pinheiros (women)",
,"23:09:09","99:49","K","K   Esporte Clube Pinheiros (women)",
,"23:09:09","99:49","P","[9 : 7]   P   Esporte Clube Pinheiros (women)",
,"23:09:29","100:09","Pt Conf","Pt Conf   Esporte Clube Pinheiros (women)",
,"23:09:32","100:12","SRV","SRV   Esporte Clube Pinheiros (women)",
,"23:09:34","100:14","RS","RS   Esporte Clube Pinheiros (women)",
,"23:09:34","100:14","B POSS","B POSS   Volei Bauru (women)",
,"23:09:36","100:17","ERR","ERR   Volei Bauru (women)",
,"23:09:36","100:17","P","[10 : 7]   P   Esporte Clube Pinheiros (women)",
,"23:09:51","100:31","Pt Conf","Pt Conf   Esporte Clube Pinheiros (women)",
,"23:09:55","100:36","SRV","SRV   Esporte Clube Pinheiros (women)",
,"23:09:58","100:38","RS","RS   Esporte Clube Pinheiros (women)",
,"23:09:59","100:39","B POSS","B POSS   Volei Bauru (women)",
,"23:10:01","100:41","B POSS","B POSS   Esporte Clube Pinheiros (women)",
,"23:10:05","100:45","OUT","OUT   Esporte Clube Pinheiros (women)",
,"23:10:05","100:45","P","[10 : 8]   P   Volei Bauru (women)",
,"23:10:19","100:59","Pt Conf","Pt Conf   Volei Bauru (women)",
,"23:10:23","101:03","SRV","SRV   Volei Bauru (women)",
,"23:10:26","101:06","RS","RS   Volei Bauru (women)",
,"23:10:27","101:07","B POSS","B POSS   Esporte Clube Pinheiros (women)",
,"23:10:28","101:08","K","K   Esporte Clube Pinheiros (women)",
,"23:10:28","101:08","P","[11 : 8]   P   Esporte Clube Pinheiros (women)",
,"23:10:53","101:34","Pt Conf","Pt Conf   Esporte Clube Pinheiros (women)",
,"23:10:55","101:35","SRV","SRV   Esporte Clube Pinheiros (women)",
,"23:10:58","101:38","RS","RS   Esporte Clube Pinheiros (women)",
,"23:10:58","101:38","B POSS","B POSS   Volei Bauru (women)",
,"23:11:06","101:47","K","K   Volei Bauru (women)",
,"23:11:06","101:47","P","[11 : 9]   P   Volei Bauru (women)",
,"23:11:22","102:02","Pt Conf","Pt Conf   Volei Bauru (women)",
,"23:11:24","102:04","SRV","SRV   Volei Bauru (women)",
,"23:11:26","102:06","RS","RS   Volei Bauru (women)",
,"23:11:26","102:07","B POSS","B POSS   Esporte Clube Pinheiros (women)",
,"23:11:32","102:12","ERR","ERR   Volei Bauru (women)",
,"23:11:32","102:12","P","[12 : 9]   P   Esporte Clube Pinheiros (women)",
,"23:11:51","102:32","Pt Conf","Pt Conf   Esporte Clube Pinheiros (women)",
,"23:11:53","102:33","SRV","SRV   Esporte Clube Pinheiros (women)",
,"23:11:55","102:36","RS","RS   Esporte Clube Pinheiros (women)",
,"23:11:56","102:36","B POSS","B POSS   Volei Bauru (women)",
,"23:11:58","102:38","B POSS","B POSS   Esporte Clube Pinheiros (women)",
,"23:12:06","102:46","K","K   Esporte Clube Pinheiros (women)",
,"23:12:06","102:46","P","[13 : 9]   P   Esporte Clube Pinheiros (women)",
,"23:12:27","103:07","Pt Conf","Pt Conf   Esporte Clube Pinheiros (women)",
,"23:12:29","103:09","SRV","SRV   Esporte Clube Pinheiros (women)",
,"23:12:31","103:12","RS","RS   Esporte Clube Pinheiros (women)",
,"23:12:32","103:12","B POSS","B POSS   Volei Bauru (women)",
,"23:12:34","103:15","K","K   Volei Bauru (women)",
,"23:12:34","103:15","P","[13 : 10]   P   Volei Bauru (women)",
,"23:12:51","103:32","Pt Conf","Pt Conf   Volei Bauru (women)",
,"23:12:56","103:36","SRV","SRV   Volei Bauru (women)",
,"23:12:59","103:39","RS","RS   Volei Bauru (women)",
,"23:12:59","103:39","B POSS","B POSS   Esporte Clube Pinheiros (women)",
,"23:13:02","103:42","B","B   Volei Bauru (women)",
,"23:13:02","103:42","P","[13 : 11]   P   Volei Bauru (women)",
,"23:13:19","103:59","Pt Conf","Pt Conf   Volei Bauru (women)",
,"23:13:22","104:03","SRV","SRV   Volei Bauru (women)",
,"23:13:25","104:05","RS","RS   Volei Bauru (women)",
,"23:13:25","104:05","B POSS","B POSS   Esporte Clube Pinheiros (women)",
,"23:13:28","104:09","B POSS","B POSS   Volei Bauru (women)",
,"23:13:32","104:12","B POSS","B POSS   Esporte Clube Pinheiros (women)",
,"23:13:36","104:16","K","K   Esporte Clube Pinheiros (women)",
,"23:13:36","104:16","P","[14 : 11]   P   Esporte Clube Pinheiros (women)",
,"23:13:49","104:29","Pt Conf","Pt Conf   Esporte Clube Pinheiros (women)",
,"23:13:56","104:36","SRV","SRV   Esporte Clube Pinheiros (women)",
,"23:13:58","104:39","S ERR","S ERR   Esporte Clube Pinheiros (women)",
,"23:13:58","104:39","P","[14 : 12]   P   Volei Bauru (women)",
,"23:14:13","104:53","Pt Conf","Pt Conf   Volei Bauru (women)",
,"23:14:15","104:55","SRV","SRV   Volei Bauru (women)",
,"23:14:18","104:58","RS","RS   Volei Bauru (women)",
,"23:14:18","104:59","B POSS","B POSS   Esporte Clube Pinheiros (women)",
,"23:14:23","105:04","B POSS","B POSS   Volei Bauru (women)",
,"23:14:24","105:04","B POSS","B POSS   Esporte Clube Pinheiros (women)",
,"23:14:28","105:08","K","K   Esporte Clube Pinheiros (women)",
,"23:14:28","105:08","P","[15 : 12]   P   Esporte Clube Pinheiros (women)",
,"23:14:49","105:30","Pt Conf","Pt Conf   Esporte Clube Pinheiros (women)",
,"23:14:55","105:35","SRV","SRV   Esporte Clube Pinheiros (women)",
,"23:14:56","105:37","RS","RS   Esporte Clube Pinheiros (women)",
,"23:14:57","105:37","B POSS","B POSS   Volei Bauru (women)",
,"23:15:00","105:40","B","B   Esporte Clube Pinheiros (women)",
,"23:15:00","105:40","P","[16 : 12]   P   Esporte Clube Pinheiros (women)",
,"23:15:18","105:59","Pt Conf","Pt Conf   Esporte Clube Pinheiros (women)",
,"23:15:26","106:06","SRV","SRV   Esporte Clube Pinheiros (women)",
,"23:15:29","106:09","RS","RS   Esporte Clube Pinheiros (women)",
,"23:15:29","106:10","B POSS","B POSS   Volei Bauru (women)",
,"23:15:33","106:13","B POSS","B POSS   Esporte Clube Pinheiros (women)",
,"23:15:33","106:13","B POSS","B POSS   Volei Bauru (women)",
,"23:15:36","106:16","K","K   Volei Bauru (women)",
,"23:15:36","106:16","P","[16 : 13]   P   Volei Bauru (women)",
,"23:15:52","106:32","Pt Conf","Pt Conf   Volei Bauru (women)",
,"23:15:59","106:39","SRV","SRV   Volei Bauru (women)",
,"23:16:01","106:41","RS","RS   Volei Bauru (women)",
,"23:16:01","106:41","B POSS","B POSS   Esporte Clube Pinheiros (women)",
,"23:16:03","106:43","K","K   Esporte Clube Pinheiros (women)",
,"23:16:03","106:43","P","[17 : 13]   P   Esporte Clube Pinheiros (women)",
,"23:16:22","107:02","Pt Conf","Pt Conf   Esporte Clube Pinheiros (women)",
,"23:16:33","107:13","SRV","SRV   Esporte Clube Pinheiros (women)",
,"23:16:36","107:16","RS","RS   Esporte Clube Pinheiros (women)",
,"23:16:36","107:17","B POSS","B POSS   Volei Bauru (women)",
,"23:16:40","107:20","OUT","OUT   Volei Bauru (women)",
,"23:16:40","107:20","P","[18 : 13]   P   Esporte Clube Pinheiros (women)",
,"23:16:50","107:31","Pt Conf","Pt Conf   Esporte Clube Pinheiros (women)",
,"23:16:51","107:31","TIME","TIME",
,"23:16:52","107:32","TIME","TIME   Volei Bauru (women)",
,"23:17:50","108:31","SRV","SRV   Esporte Clube Pinheiros (women)",
,"23:17:52","108:33","RS","RS   Esporte Clube Pinheiros (women)",
,"23:17:53","108:33","B POSS","B POSS   Volei Bauru (women)",
,"23:17:56","108:36","K","K   Volei Bauru (women)",
,"23:17:56","108:36","P","[18 : 14]   P   Volei Bauru (women)",
,"23:18:23","109:03","Pt Conf","Pt Conf   Volei Bauru (women)",
,"23:18:37","109:17","SRV","SRV   Volei Bauru (women)",
,"23:18:40","109:20","RS","RS   Volei Bauru (women)",
,"23:18:40","109:20","B POSS","B POSS   Esporte Clube Pinheiros (women)",
,"23:18:43","109:23","ERR","ERR   Volei Bauru (women)",
,"23:18:43","109:23","P","[19 : 14]   P   Esporte Clube Pinheiros (women)",
,"23:19:01","109:41","Pt Conf","Pt Conf   Esporte Clube Pinheiros (women)",
,"23:19:04","109:44","SRV","SRV   Esporte Clube Pinheiros (women)",
,"23:19:06","109:47","RS","RS   Esporte Clube Pinheiros (women)",
,"23:19:07","109:47","B POSS","B POSS   Volei Bauru (women)",
,"23:19:09","109:49","K","K   Volei Bauru (women)",
,"23:19:09","109:49","P","[19 : 15]   P   Volei Bauru (women)",
,"23:19:28","110:08","Pt Conf","Pt Conf   Volei Bauru (women)",
,"23:19:32","110:12","SRV","SRV   Volei Bauru (women)",
,"23:19:34","110:14","RS","RS   Volei Bauru (women)",
,"23:19:34","110:15","B POSS","B POSS   Esporte Clube Pinheiros (women)",
,"23:19:37","110:18","K","K   Esporte Clube Pinheiros (women)",
,"23:19:37","110:18","P","[20 : 15]   P   Esporte Clube Pinheiros (women)",
,"23:19:52","110:33","Pt Conf","Pt Conf   Esporte Clube Pinheiros (women)",
,"23:19:58","110:38","SRV","SRV   Esporte Clube Pinheiros (women)",
,"23:20:01","110:41","RS","RS   Esporte Clube Pinheiros (women)",
,"23:20:01","110:41","B POSS","B POSS   Volei Bauru (women)",
,"23:20:06","110:46","B POSS","B POSS   Esporte Clube Pinheiros (women)",
,"23:20:08","110:48","B POSS","B POSS   Volei Bauru (women)",
,"23:20:12","110:52","B POSS","B POSS   Esporte Clube Pinheiros (women)",
,"23:20:18","110:58","ERR","ERR   Esporte Clube Pinheiros (women)",
,"23:20:18","110:58","P","[20 : 16]   P   Volei Bauru (women)",
,"23:20:33","111:13","Pt Conf","Pt Conf   Volei Bauru (women)",
,"23:20:36","111:16","SRV","SRV   Volei Bauru (women)",
,"23:20:38","111:19","RS","RS   Volei Bauru (women)",
,"23:20:39","111:19","B POSS","B POSS   Esporte Clube Pinheiros (women)",
,"23:20:41","111:22","K","K   Esporte Clube Pinheiros (women)",
,"23:20:41","111:22","P","[21 : 16]   P   Esporte Clube Pinheiros (women)",
,"23:21:01","111:41","Pt Conf","Pt Conf   Esporte Clube Pinheiros (women)",
,"23:21:12","111:52","SRV","SRV   Esporte Clube Pinheiros (women)",
,"23:21:15","111:55","RS","RS   Esporte Clube Pinheiros (women)",
,"23:21:15","111:55","B POSS","B POSS   Volei Bauru (women)",
,"23:21:17","111:58","B POSS","B POSS   Esporte Clube Pinheiros (women)",
,"23:21:21","112:01","B POSS","B POSS   Volei Bauru (women)",
,"23:21:25","112:05","K","K   Volei Bauru (women)",
,"23:21:25","112:05","P","[21 : 17]   P   Volei Bauru (women)",
,"23:21:44","112:25","Pt Conf","Pt Conf   Volei Bauru (women)",
,"23:21:56","112:37","SRV","SRV   Volei Bauru (women)",
,"23:22:00","112:40","A","A   Volei Bauru (women)",
,"23:22:00","112:40","P","[21 : 18]   P   Volei Bauru (women)",
,"23:22:17","112:57","Pt Conf","Pt Conf   Volei Bauru (women)",
,"23:22:20","113:00","TIME","TIME",
,"23:22:21","113:02","TIME","TIME   Esporte Clube Pinheiros (women)",
,"23:23:13","113:53","SRV","SRV   Volei Bauru (women)",
,"23:23:16","113:56","RS","RS   Volei Bauru (women)",
,"23:23:16","113:56","B POSS","B POSS   Esporte Clube Pinheiros (women)",
,"23:23:21","114:01","B POSS","B POSS   Volei Bauru (women)",
,"23:23:23","114:03","B POSS","B POSS   Esporte Clube Pinheiros (women)",
,"23:23:27","114:08","B POSS","B POSS   Volei Bauru (women)",
,"23:23:35","114:15","B POSS","B POSS   Esporte Clube Pinheiros (women)",
,"23:23:38","114:19","K","K   Esporte Clube Pinheiros (women)",
,"23:23:38","114:19","P","[22 : 18]   P   Esporte Clube Pinheiros (women)",
,"23:23:58","114:39","Pt Conf","Pt Conf   Esporte Clube Pinheiros (women)",
,"23:24:01","114:42","SRV","SRV   Esporte Clube Pinheiros (women)",
,"23:24:03","114:43","A","A   Esporte Clube Pinheiros (women)",
,"23:24:03","114:43","P","[23 : 18]   P   Esporte Clube Pinheiros (women)",
,"23:24:19","114:59","Pt Conf","Pt Conf   Esporte Clube Pinheiros (women)",
,"23:24:20","115:00","SRV","SRV   Esporte Clube Pinheiros (women)",
,"23:24:22","115:02","RS","RS   Esporte Clube Pinheiros (women)",
,"23:24:22","115:03","B POSS","B POSS   Volei Bauru (women)",
,"23:24:24","115:05","K","K   Volei Bauru (women)",
,"23:24:24","115:05","P","[23 : 19]   P   Volei Bauru (women)",
,"23:24:40","115:20","Pt Conf","Pt Conf   Volei Bauru (women)",
,"23:24:42","115:22","SRV","SRV   Volei Bauru (women)",
,"23:24:45","115:25","RS","RS   Volei Bauru (women)",
,"23:24:45","115:25","B POSS","B POSS   Esporte Clube Pinheiros (women)",
,"23:24:51","115:32","OUT","OUT   Esporte Clube Pinheiros (women)",
,"23:24:51","115:32","P","[23 : 20]   P   Volei Bauru (women)",
,"23:25:07","115:47","Pt Conf","Pt Conf   Volei Bauru (women)",
,"23:25:10","115:50","TIME","TIME",
,"23:25:11","115:52","TIME","TIME   Esporte Clube Pinheiros (women)",
,"23:25:55","116:35","SRV","SRV   Volei Bauru (women)",
,"23:25:57","116:38","RS","RS   Volei Bauru (women)",
,"23:25:58","116:38","B POSS","B POSS   Esporte Clube Pinheiros (women)",
,"23:26:01","116:42","B POSS","B POSS   Volei Bauru (women)",
,"23:26:04","116:44","B","B   Esporte Clube Pinheiros (women)",
,"23:26:04","116:44","P","[24 : 20]   P   Esporte Clube Pinheiros (women)",
,"23:26:23","117:03","Pt Conf","Pt Conf   Esporte Clube Pinheiros (women)",
,"23:26:30","117:10","SRV","SRV   Esporte Clube Pinheiros (women)",
,"23:26:32","117:12","RS","RS   Esporte Clube Pinheiros (women)",
,"23:26:32","117:13","B POSS","B POSS   Volei Bauru (women)",
,"23:26:34","117:14","B POSS","B POSS   Esporte Clube Pinheiros (women)",
,"23:26:41","117:21","Point under investigation","Point under investigation",
,"23:26:58","117:39","K","K   Volei Bauru (women)",
,"23:26:58","117:39","P","[24 : 21]   P   Volei Bauru (women)",
,"23:27:05","117:46","Correct statistics","Correct statistics   (K Volei Bauru (women) <=> B Volei Bauru (women))",
,"23:27:05","117:46","B","B   Volei Bauru (women)",
,"23:27:08","117:48","Pt Conf","Pt Conf   Volei Bauru (women)",
,"23:27:09","117:50","SRV","SRV   Volei Bauru (women)",
,"23:27:12","117:52","S ERR","S ERR   Volei Bauru (women)",
,"23:27:12","117:52","P","[25 : 21]   P   Esporte Clube Pinheiros (women)",
,"23:27:17","117:57","Pt Conf","Pt Conf   Esporte Clube Pinheiros (women)",
,"23:27:26","118:06","S","S   Esporte Clube Pinheiros (women)",
,"23:27:26","118:06","Stop Set","Stop Set",
,"23:27:31","118:11","Score of last period confirmed","Score of last period confirmed",
,"23:27:31","118:12","Stop game","Stop game",
